544	name	http://ml1m-sun/movie_544
1242	name	http://ml1m-sun/movie_1242
154	name	http://ml1m-sun/movie_154
461	name	http://ml1m-sun/movie_461
1185	name	http://ml1m-sun/movie_1185
581	name	http://ml1m-sun/movie_581
1351	name	http://ml1m-sun/movie_1351
1132	name	http://ml1m-sun/movie_1132
490	name	http://ml1m-sun/movie_490
1211	name	http://ml1m-sun/movie_1211
1608	name	http://ml1m-sun/movie_1608
62	name	http://ml1m-sun/movie_62
1078	name	http://ml1m-sun/movie_1078
879	name	http://ml1m-sun/movie_879
401	name	http://ml1m-sun/movie_401
841	name	http://ml1m-sun/movie_841
1237	name	http://ml1m-sun/movie_1237
142	name	http://ml1m-sun/movie_142
313	name	http://ml1m-sun/movie_313
1649	name	http://ml1m-sun/movie_1649
1000	name	http://ml1m-sun/movie_1000
225	name	http://ml1m-sun/movie_225
422	name	http://ml1m-sun/movie_422
633	name	http://ml1m-sun/movie_633
1266	name	http://ml1m-sun/movie_1266
746	name	http://ml1m-sun/movie_746
678	name	http://ml1m-sun/movie_678
1032	name	http://ml1m-sun/movie_1032
958	name	http://ml1m-sun/movie_958
1470	name	http://ml1m-sun/movie_1470
1569	name	http://ml1m-sun/movie_1569
593	name	http://ml1m-sun/movie_593
143	name	http://ml1m-sun/movie_143
886	name	http://ml1m-sun/movie_886
263	name	http://ml1m-sun/movie_263
1594	name	http://ml1m-sun/movie_1594
1520	name	http://ml1m-sun/movie_1520
171	name	http://ml1m-sun/movie_171
1430	name	http://ml1m-sun/movie_1430
921	name	http://ml1m-sun/movie_921
732	name	http://ml1m-sun/movie_732
1411	name	http://ml1m-sun/movie_1411
1107	name	http://ml1m-sun/movie_1107
222	name	http://ml1m-sun/movie_222
445	name	http://ml1m-sun/movie_445
1038	name	http://ml1m-sun/movie_1038
1083	name	http://ml1m-sun/movie_1083
67	name	http://ml1m-sun/movie_67
1067	name	http://ml1m-sun/movie_1067
851	name	http://ml1m-sun/movie_851
1535	name	http://ml1m-sun/movie_1535
1551	name	http://ml1m-sun/movie_1551
1167	name	http://ml1m-sun/movie_1167
1221	name	http://ml1m-sun/movie_1221
213	name	http://ml1m-sun/movie_213
22	name	http://ml1m-sun/movie_22
1245	name	http://ml1m-sun/movie_1245
84	name	http://ml1m-sun/movie_84
80	name	http://ml1m-sun/movie_80
582	name	http://ml1m-sun/movie_582
396	name	http://ml1m-sun/movie_396
924	name	http://ml1m-sun/movie_924
438	name	http://ml1m-sun/movie_438
487	name	http://ml1m-sun/movie_487
1048	name	http://ml1m-sun/movie_1048
714	name	http://ml1m-sun/movie_714
1505	name	http://ml1m-sun/movie_1505
1197	name	http://ml1m-sun/movie_1197
134	name	http://ml1m-sun/movie_134
1458	name	http://ml1m-sun/movie_1458
30	name	http://ml1m-sun/movie_30
1437	name	http://ml1m-sun/movie_1437
842	name	http://ml1m-sun/movie_842
1633	name	http://ml1m-sun/movie_1633
762	name	http://ml1m-sun/movie_762
450	name	http://ml1m-sun/movie_450
478	name	http://ml1m-sun/movie_478
1117	name	http://ml1m-sun/movie_1117
1283	name	http://ml1m-sun/movie_1283
970	name	http://ml1m-sun/movie_970
748	name	http://ml1m-sun/movie_748
608	name	http://ml1m-sun/movie_608
793	name	http://ml1m-sun/movie_793
725	name	http://ml1m-sun/movie_725
799	name	http://ml1m-sun/movie_799
1015	name	http://ml1m-sun/movie_1015
1328	name	http://ml1m-sun/movie_1328
1574	name	http://ml1m-sun/movie_1574
1248	name	http://ml1m-sun/movie_1248
1573	name	http://ml1m-sun/movie_1573
666	name	http://ml1m-sun/movie_666
1540	name	http://ml1m-sun/movie_1540
1120	name	http://ml1m-sun/movie_1120
191	name	http://ml1m-sun/movie_191
247	name	http://ml1m-sun/movie_247
592	name	http://ml1m-sun/movie_592
874	name	http://ml1m-sun/movie_874
625	name	http://ml1m-sun/movie_625
647	name	http://ml1m-sun/movie_647
864	name	http://ml1m-sun/movie_864
1431	name	http://ml1m-sun/movie_1431
626	name	http://ml1m-sun/movie_626
993	name	http://ml1m-sun/movie_993
73	name	http://ml1m-sun/movie_73
538	name	http://ml1m-sun/movie_538
133	name	http://ml1m-sun/movie_133
1632	name	http://ml1m-sun/movie_1632
505	name	http://ml1m-sun/movie_505
231	name	http://ml1m-sun/movie_231
1621	name	http://ml1m-sun/movie_1621
976	name	http://ml1m-sun/movie_976
1578	name	http://ml1m-sun/movie_1578
1585	name	http://ml1m-sun/movie_1585
495	name	http://ml1m-sun/movie_495
583	name	http://ml1m-sun/movie_583
473	name	http://ml1m-sun/movie_473
1043	name	http://ml1m-sun/movie_1043
1617	name	http://ml1m-sun/movie_1617
1592	name	http://ml1m-sun/movie_1592
1628	name	http://ml1m-sun/movie_1628
60	name	http://ml1m-sun/movie_60
740	name	http://ml1m-sun/movie_740
1486	name	http://ml1m-sun/movie_1486
33	name	http://ml1m-sun/movie_33
1476	name	http://ml1m-sun/movie_1476
1543	name	http://ml1m-sun/movie_1543
1295	name	http://ml1m-sun/movie_1295
1137	name	http://ml1m-sun/movie_1137
1528	name	http://ml1m-sun/movie_1528
939	name	http://ml1m-sun/movie_939
1356	name	http://ml1m-sun/movie_1356
598	name	http://ml1m-sun/movie_598
347	name	http://ml1m-sun/movie_347
1080	name	http://ml1m-sun/movie_1080
475	name	http://ml1m-sun/movie_475
1313	name	http://ml1m-sun/movie_1313
580	name	http://ml1m-sun/movie_580
995	name	http://ml1m-sun/movie_995
297	name	http://ml1m-sun/movie_297
658	name	http://ml1m-sun/movie_658
1643	name	http://ml1m-sun/movie_1643
440	name	http://ml1m-sun/movie_440
1448	name	http://ml1m-sun/movie_1448
1639	name	http://ml1m-sun/movie_1639
860	name	http://ml1m-sun/movie_860
627	name	http://ml1m-sun/movie_627
1397	name	http://ml1m-sun/movie_1397
407	name	http://ml1m-sun/movie_407
1310	name	http://ml1m-sun/movie_1310
1206	name	http://ml1m-sun/movie_1206
1667	name	http://ml1m-sun/movie_1667
1250	name	http://ml1m-sun/movie_1250
1386	name	http://ml1m-sun/movie_1386
173	name	http://ml1m-sun/movie_173
419	name	http://ml1m-sun/movie_419
1075	name	http://ml1m-sun/movie_1075
1104	name	http://ml1m-sun/movie_1104
499	name	http://ml1m-sun/movie_499
366	name	http://ml1m-sun/movie_366
927	name	http://ml1m-sun/movie_927
219	name	http://ml1m-sun/movie_219
491	name	http://ml1m-sun/movie_491
1236	name	http://ml1m-sun/movie_1236
1660	name	http://ml1m-sun/movie_1660
388	name	http://ml1m-sun/movie_388
980	name	http://ml1m-sun/movie_980
341	name	http://ml1m-sun/movie_341
1312	name	http://ml1m-sun/movie_1312
1332	name	http://ml1m-sun/movie_1332
456	name	http://ml1m-sun/movie_456
460	name	http://ml1m-sun/movie_460
332	name	http://ml1m-sun/movie_332
1393	name	http://ml1m-sun/movie_1393
425	name	http://ml1m-sun/movie_425
992	name	http://ml1m-sun/movie_992
290	name	http://ml1m-sun/movie_290
1294	name	http://ml1m-sun/movie_1294
182	name	http://ml1m-sun/movie_182
503	name	http://ml1m-sun/movie_503
259	name	http://ml1m-sun/movie_259
912	name	http://ml1m-sun/movie_912
637	name	http://ml1m-sun/movie_637
649	name	http://ml1m-sun/movie_649
684	name	http://ml1m-sun/movie_684
493	name	http://ml1m-sun/movie_493
1671	name	http://ml1m-sun/movie_1671
1181	name	http://ml1m-sun/movie_1181
1036	name	http://ml1m-sun/movie_1036
589	name	http://ml1m-sun/movie_589
639	name	http://ml1m-sun/movie_639
1566	name	http://ml1m-sun/movie_1566
1596	name	http://ml1m-sun/movie_1596
1640	name	http://ml1m-sun/movie_1640
1434	name	http://ml1m-sun/movie_1434
638	name	http://ml1m-sun/movie_638
338	name	http://ml1m-sun/movie_338
718	name	http://ml1m-sun/movie_718
916	name	http://ml1m-sun/movie_916
1134	name	http://ml1m-sun/movie_1134
922	name	http://ml1m-sun/movie_922
443	name	http://ml1m-sun/movie_443
751	name	http://ml1m-sun/movie_751
1661	name	http://ml1m-sun/movie_1661
699	name	http://ml1m-sun/movie_699
1257	name	http://ml1m-sun/movie_1257
481	name	http://ml1m-sun/movie_481
935	name	http://ml1m-sun/movie_935
227	name	http://ml1m-sun/movie_227
1100	name	http://ml1m-sun/movie_1100
87	name	http://ml1m-sun/movie_87
1487	name	http://ml1m-sun/movie_1487
752	name	http://ml1m-sun/movie_752
6	name	http://ml1m-sun/movie_6
938	name	http://ml1m-sun/movie_938
665	name	http://ml1m-sun/movie_665
903	name	http://ml1m-sun/movie_903
1579	name	http://ml1m-sun/movie_1579
1362	name	http://ml1m-sun/movie_1362
1404	name	http://ml1m-sun/movie_1404
210	name	http://ml1m-sun/movie_210
623	name	http://ml1m-sun/movie_623
373	name	http://ml1m-sun/movie_373
1153	name	http://ml1m-sun/movie_1153
731	name	http://ml1m-sun/movie_731
140	name	http://ml1m-sun/movie_140
1009	name	http://ml1m-sun/movie_1009
1381	name	http://ml1m-sun/movie_1381
584	name	http://ml1m-sun/movie_584
35	name	http://ml1m-sun/movie_35
728	name	http://ml1m-sun/movie_728
1522	name	http://ml1m-sun/movie_1522
317	name	http://ml1m-sun/movie_317
734	name	http://ml1m-sun/movie_734
1301	name	http://ml1m-sun/movie_1301
127	name	http://ml1m-sun/movie_127
1317	name	http://ml1m-sun/movie_1317
1634	name	http://ml1m-sun/movie_1634
1142	name	http://ml1m-sun/movie_1142
1214	name	http://ml1m-sun/movie_1214
1485	name	http://ml1m-sun/movie_1485
1033	name	http://ml1m-sun/movie_1033
1259	name	http://ml1m-sun/movie_1259
149	name	http://ml1m-sun/movie_149
229	name	http://ml1m-sun/movie_229
905	name	http://ml1m-sun/movie_905
1653	name	http://ml1m-sun/movie_1653
316	name	http://ml1m-sun/movie_316
310	name	http://ml1m-sun/movie_310
1049	name	http://ml1m-sun/movie_1049
1296	name	http://ml1m-sun/movie_1296
83	name	http://ml1m-sun/movie_83
326	name	http://ml1m-sun/movie_326
282	name	http://ml1m-sun/movie_282
218	name	http://ml1m-sun/movie_218
1597	name	http://ml1m-sun/movie_1597
1243	name	http://ml1m-sun/movie_1243
1630	name	http://ml1m-sun/movie_1630
98	name	http://ml1m-sun/movie_98
547	name	http://ml1m-sun/movie_547
209	name	http://ml1m-sun/movie_209
585	name	http://ml1m-sun/movie_585
1342	name	http://ml1m-sun/movie_1342
78	name	http://ml1m-sun/movie_78
38	name	http://ml1m-sun/movie_38
187	name	http://ml1m-sun/movie_187
892	name	http://ml1m-sun/movie_892
1531	name	http://ml1m-sun/movie_1531
1624	name	http://ml1m-sun/movie_1624
431	name	http://ml1m-sun/movie_431
1198	name	http://ml1m-sun/movie_1198
704	name	http://ml1m-sun/movie_704
613	name	http://ml1m-sun/movie_613
1098	name	http://ml1m-sun/movie_1098
1602	name	http://ml1m-sun/movie_1602
365	name	http://ml1m-sun/movie_365
822	name	http://ml1m-sun/movie_822
888	name	http://ml1m-sun/movie_888
8	name	http://ml1m-sun/movie_8
1510	name	http://ml1m-sun/movie_1510
96	name	http://ml1m-sun/movie_96
1031	name	http://ml1m-sun/movie_1031
527	name	http://ml1m-sun/movie_527
484	name	http://ml1m-sun/movie_484
1272	name	http://ml1m-sun/movie_1272
1513	name	http://ml1m-sun/movie_1513
889	name	http://ml1m-sun/movie_889
1427	name	http://ml1m-sun/movie_1427
117	name	http://ml1m-sun/movie_117
449	name	http://ml1m-sun/movie_449
1023	name	http://ml1m-sun/movie_1023
601	name	http://ml1m-sun/movie_601
65	name	http://ml1m-sun/movie_65
453	name	http://ml1m-sun/movie_453
875	name	http://ml1m-sun/movie_875
9	name	http://ml1m-sun/movie_9
46	name	http://ml1m-sun/movie_46
1315	name	http://ml1m-sun/movie_1315
1600	name	http://ml1m-sun/movie_1600
1071	name	http://ml1m-sun/movie_1071
415	name	http://ml1m-sun/movie_415
1201	name	http://ml1m-sun/movie_1201
1179	name	http://ml1m-sun/movie_1179
1226	name	http://ml1m-sun/movie_1226
1396	name	http://ml1m-sun/movie_1396
277	name	http://ml1m-sun/movie_277
1517	name	http://ml1m-sun/movie_1517
712	name	http://ml1m-sun/movie_712
957	name	http://ml1m-sun/movie_957
915	name	http://ml1m-sun/movie_915
105	name	http://ml1m-sun/movie_105
680	name	http://ml1m-sun/movie_680
1468	name	http://ml1m-sun/movie_1468
1177	name	http://ml1m-sun/movie_1177
354	name	http://ml1m-sun/movie_354
1012	name	http://ml1m-sun/movie_1012
944	name	http://ml1m-sun/movie_944
1028	name	http://ml1m-sun/movie_1028
1376	name	http://ml1m-sun/movie_1376
1086	name	http://ml1m-sun/movie_1086
1623	name	http://ml1m-sun/movie_1623
429	name	http://ml1m-sun/movie_429
1669	name	http://ml1m-sun/movie_1669
27	name	http://ml1m-sun/movie_27
355	name	http://ml1m-sun/movie_355
743	name	http://ml1m-sun/movie_743
929	name	http://ml1m-sun/movie_929
185	name	http://ml1m-sun/movie_185
878	name	http://ml1m-sun/movie_878
753	name	http://ml1m-sun/movie_753
276	name	http://ml1m-sun/movie_276
810	name	http://ml1m-sun/movie_810
485	name	http://ml1m-sun/movie_485
1552	name	http://ml1m-sun/movie_1552
1291	name	http://ml1m-sun/movie_1291
578	name	http://ml1m-sun/movie_578
459	name	http://ml1m-sun/movie_459
1121	name	http://ml1m-sun/movie_1121
1402	name	http://ml1m-sun/movie_1402
108	name	http://ml1m-sun/movie_108
214	name	http://ml1m-sun/movie_214
691	name	http://ml1m-sun/movie_691
710	name	http://ml1m-sun/movie_710
1207	name	http://ml1m-sun/movie_1207
360	name	http://ml1m-sun/movie_360
963	name	http://ml1m-sun/movie_963
1428	name	http://ml1m-sun/movie_1428
363	name	http://ml1m-sun/movie_363
1058	name	http://ml1m-sun/movie_1058
270	name	http://ml1m-sun/movie_270
555	name	http://ml1m-sun/movie_555
1300	name	http://ml1m-sun/movie_1300
296	name	http://ml1m-sun/movie_296
1538	name	http://ml1m-sun/movie_1538
190	name	http://ml1m-sun/movie_190
1447	name	http://ml1m-sun/movie_1447
1560	name	http://ml1m-sun/movie_1560
1484	name	http://ml1m-sun/movie_1484
657	name	http://ml1m-sun/movie_657
919	name	http://ml1m-sun/movie_919
1410	name	http://ml1m-sun/movie_1410
16	name	http://ml1m-sun/movie_16
423	name	http://ml1m-sun/movie_423
1263	name	http://ml1m-sun/movie_1263
1564	name	http://ml1m-sun/movie_1564
518	name	http://ml1m-sun/movie_518
1253	name	http://ml1m-sun/movie_1253
136	name	http://ml1m-sun/movie_136
587	name	http://ml1m-sun/movie_587
1492	name	http://ml1m-sun/movie_1492
446	name	http://ml1m-sun/movie_446
1526	name	http://ml1m-sun/movie_1526
349	name	http://ml1m-sun/movie_349
1456	name	http://ml1m-sun/movie_1456
685	name	http://ml1m-sun/movie_685
727	name	http://ml1m-sun/movie_727
683	name	http://ml1m-sun/movie_683
1096	name	http://ml1m-sun/movie_1096
1556	name	http://ml1m-sun/movie_1556
1062	name	http://ml1m-sun/movie_1062
1293	name	http://ml1m-sun/movie_1293
163	name	http://ml1m-sun/movie_163
1375	name	http://ml1m-sun/movie_1375
426	name	http://ml1m-sun/movie_426
99	name	http://ml1m-sun/movie_99
1233	name	http://ml1m-sun/movie_1233
1378	name	http://ml1m-sun/movie_1378
675	name	http://ml1m-sun/movie_675
1432	name	http://ml1m-sun/movie_1432
386	name	http://ml1m-sun/movie_386
755	name	http://ml1m-sun/movie_755
1506	name	http://ml1m-sun/movie_1506
1209	name	http://ml1m-sun/movie_1209
1115	name	http://ml1m-sun/movie_1115
169	name	http://ml1m-sun/movie_169
1399	name	http://ml1m-sun/movie_1399
1025	name	http://ml1m-sun/movie_1025
694	name	http://ml1m-sun/movie_694
908	name	http://ml1m-sun/movie_908
713	name	http://ml1m-sun/movie_713
458	name	http://ml1m-sun/movie_458
1349	name	http://ml1m-sun/movie_1349
914	name	http://ml1m-sun/movie_914
1330	name	http://ml1m-sun/movie_1330
1249	name	http://ml1m-sun/movie_1249
1504	name	http://ml1m-sun/movie_1504
1395	name	http://ml1m-sun/movie_1395
284	name	http://ml1m-sun/movie_284
305	name	http://ml1m-sun/movie_305
539	name	http://ml1m-sun/movie_539
1099	name	http://ml1m-sun/movie_1099
482	name	http://ml1m-sun/movie_482
1482	name	http://ml1m-sun/movie_1482
861	name	http://ml1m-sun/movie_861
260	name	http://ml1m-sun/movie_260
1057	name	http://ml1m-sun/movie_1057
1679	name	http://ml1m-sun/movie_1679
413	name	http://ml1m-sun/movie_413
1627	name	http://ml1m-sun/movie_1627
1408	name	http://ml1m-sun/movie_1408
686	name	http://ml1m-sun/movie_686
114	name	http://ml1m-sun/movie_114
946	name	http://ml1m-sun/movie_946
1199	name	http://ml1m-sun/movie_1199
468	name	http://ml1m-sun/movie_468
715	name	http://ml1m-sun/movie_715
402	name	http://ml1m-sun/movie_402
668	name	http://ml1m-sun/movie_668
947	name	http://ml1m-sun/movie_947
285	name	http://ml1m-sun/movie_285
1459	name	http://ml1m-sun/movie_1459
720	name	http://ml1m-sun/movie_720
1465	name	http://ml1m-sun/movie_1465
1676	name	http://ml1m-sun/movie_1676
775	name	http://ml1m-sun/movie_775
1225	name	http://ml1m-sun/movie_1225
129	name	http://ml1m-sun/movie_129
189	name	http://ml1m-sun/movie_189
1659	name	http://ml1m-sun/movie_1659
1512	name	http://ml1m-sun/movie_1512
1601	name	http://ml1m-sun/movie_1601
536	name	http://ml1m-sun/movie_536
1331	name	http://ml1m-sun/movie_1331
103	name	http://ml1m-sun/movie_103
472	name	http://ml1m-sun/movie_472
602	name	http://ml1m-sun/movie_602
745	name	http://ml1m-sun/movie_745
859	name	http://ml1m-sun/movie_859
809	name	http://ml1m-sun/movie_809
465	name	http://ml1m-sun/movie_465
1665	name	http://ml1m-sun/movie_1665
1636	name	http://ml1m-sun/movie_1636
857	name	http://ml1m-sun/movie_857
1419	name	http://ml1m-sun/movie_1419
825	name	http://ml1m-sun/movie_825
1583	name	http://ml1m-sun/movie_1583
650	name	http://ml1m-sun/movie_650
839	name	http://ml1m-sun/movie_839
269	name	http://ml1m-sun/movie_269
760	name	http://ml1m-sun/movie_760
1203	name	http://ml1m-sun/movie_1203
1045	name	http://ml1m-sun/movie_1045
57	name	http://ml1m-sun/movie_57
1422	name	http://ml1m-sun/movie_1422
319	name	http://ml1m-sun/movie_319
747	name	http://ml1m-sun/movie_747
1173	name	http://ml1m-sun/movie_1173
849	name	http://ml1m-sun/movie_849
32	name	http://ml1m-sun/movie_32
673	name	http://ml1m-sun/movie_673
664	name	http://ml1m-sun/movie_664
1656	name	http://ml1m-sun/movie_1656
1652	name	http://ml1m-sun/movie_1652
234	name	http://ml1m-sun/movie_234
25	name	http://ml1m-sun/movie_25
854	name	http://ml1m-sun/movie_854
523	name	http://ml1m-sun/movie_523
1270	name	http://ml1m-sun/movie_1270
779	name	http://ml1m-sun/movie_779
217	name	http://ml1m-sun/movie_217
967	name	http://ml1m-sun/movie_967
74	name	http://ml1m-sun/movie_74
1276	name	http://ml1m-sun/movie_1276
1647	name	http://ml1m-sun/movie_1647
1268	name	http://ml1m-sun/movie_1268
1421	name	http://ml1m-sun/movie_1421
721	name	http://ml1m-sun/movie_721
391	name	http://ml1m-sun/movie_391
696	name	http://ml1m-sun/movie_696
771	name	http://ml1m-sun/movie_771
1645	name	http://ml1m-sun/movie_1645
1338	name	http://ml1m-sun/movie_1338
1537	name	http://ml1m-sun/movie_1537
763	name	http://ml1m-sun/movie_763
59	name	http://ml1m-sun/movie_59
925	name	http://ml1m-sun/movie_925
283	name	http://ml1m-sun/movie_283
567	name	http://ml1m-sun/movie_567
205	name	http://ml1m-sun/movie_205
1365	name	http://ml1m-sun/movie_1365
1407	name	http://ml1m-sun/movie_1407
307	name	http://ml1m-sun/movie_307
1613	name	http://ml1m-sun/movie_1613
821	name	http://ml1m-sun/movie_821
1141	name	http://ml1m-sun/movie_1141
1323	name	http://ml1m-sun/movie_1323
241	name	http://ml1m-sun/movie_241
126	name	http://ml1m-sun/movie_126
570	name	http://ml1m-sun/movie_570
709	name	http://ml1m-sun/movie_709
1157	name	http://ml1m-sun/movie_1157
1675	name	http://ml1m-sun/movie_1675
230	name	http://ml1m-sun/movie_230
476	name	http://ml1m-sun/movie_476
1122	name	http://ml1m-sun/movie_1122
1357	name	http://ml1m-sun/movie_1357
246	name	http://ml1m-sun/movie_246
805	name	http://ml1m-sun/movie_805
599	name	http://ml1m-sun/movie_599
483	name	http://ml1m-sun/movie_483
550	name	http://ml1m-sun/movie_550
620	name	http://ml1m-sun/movie_620
411	name	http://ml1m-sun/movie_411
141	name	http://ml1m-sun/movie_141
1189	name	http://ml1m-sun/movie_1189
1646	name	http://ml1m-sun/movie_1646
858	name	http://ml1m-sun/movie_858
1401	name	http://ml1m-sun/movie_1401
1042	name	http://ml1m-sun/movie_1042
695	name	http://ml1m-sun/movie_695
1453	name	http://ml1m-sun/movie_1453
253	name	http://ml1m-sun/movie_253
1084	name	http://ml1m-sun/movie_1084
1205	name	http://ml1m-sun/movie_1205
1353	name	http://ml1m-sun/movie_1353
364	name	http://ml1m-sun/movie_364
1037	name	http://ml1m-sun/movie_1037
1129	name	http://ml1m-sun/movie_1129
1232	name	http://ml1m-sun/movie_1232
1063	name	http://ml1m-sun/movie_1063
1261	name	http://ml1m-sun/movie_1261
1429	name	http://ml1m-sun/movie_1429
471	name	http://ml1m-sun/movie_471
868	name	http://ml1m-sun/movie_868
255	name	http://ml1m-sun/movie_255
69	name	http://ml1m-sun/movie_69
1324	name	http://ml1m-sun/movie_1324
981	name	http://ml1m-sun/movie_981
145	name	http://ml1m-sun/movie_145
271	name	http://ml1m-sun/movie_271
744	name	http://ml1m-sun/movie_744
162	name	http://ml1m-sun/movie_162
420	name	http://ml1m-sun/movie_420
236	name	http://ml1m-sun/movie_236
1516	name	http://ml1m-sun/movie_1516
975	name	http://ml1m-sun/movie_975
1069	name	http://ml1m-sun/movie_1069
10	name	http://ml1m-sun/movie_10
872	name	http://ml1m-sun/movie_872
1662	name	http://ml1m-sun/movie_1662
1372	name	http://ml1m-sun/movie_1372
960	name	http://ml1m-sun/movie_960
324	name	http://ml1m-sun/movie_324
235	name	http://ml1m-sun/movie_235
1454	name	http://ml1m-sun/movie_1454
1319	name	http://ml1m-sun/movie_1319
512	name	http://ml1m-sun/movie_512
1066	name	http://ml1m-sun/movie_1066
452	name	http://ml1m-sun/movie_452
206	name	http://ml1m-sun/movie_206
800	name	http://ml1m-sun/movie_800
1200	name	http://ml1m-sun/movie_1200
1625	name	http://ml1m-sun/movie_1625
830	name	http://ml1m-sun/movie_830
2	name	http://ml1m-sun/movie_2
321	name	http://ml1m-sun/movie_321
1280	name	http://ml1m-sun/movie_1280
90	name	http://ml1m-sun/movie_90
432	name	http://ml1m-sun/movie_432
318	name	http://ml1m-sun/movie_318
1018	name	http://ml1m-sun/movie_1018
672	name	http://ml1m-sun/movie_672
1612	name	http://ml1m-sun/movie_1612
1116	name	http://ml1m-sun/movie_1116
1053	name	http://ml1m-sun/movie_1053
106	name	http://ml1m-sun/movie_106
781	name	http://ml1m-sun/movie_781
918	name	http://ml1m-sun/movie_918
1392	name	http://ml1m-sun/movie_1392
302	name	http://ml1m-sun/movie_302
855	name	http://ml1m-sun/movie_855
965	name	http://ml1m-sun/movie_965
1360	name	http://ml1m-sun/movie_1360
273	name	http://ml1m-sun/movie_273
1370	name	http://ml1m-sun/movie_1370
1502	name	http://ml1m-sun/movie_1502
899	name	http://ml1m-sun/movie_899
23	name	http://ml1m-sun/movie_23
1220	name	http://ml1m-sun/movie_1220
902	name	http://ml1m-sun/movie_902
497	name	http://ml1m-sun/movie_497
1444	name	http://ml1m-sun/movie_1444
1371	name	http://ml1m-sun/movie_1371
1047	name	http://ml1m-sun/movie_1047
545	name	http://ml1m-sun/movie_545
1475	name	http://ml1m-sun/movie_1475
588	name	http://ml1m-sun/movie_588
1073	name	http://ml1m-sun/movie_1073
948	name	http://ml1m-sun/movie_948
563	name	http://ml1m-sun/movie_563
124	name	http://ml1m-sun/movie_124
1503	name	http://ml1m-sun/movie_1503
840	name	http://ml1m-sun/movie_840
560	name	http://ml1m-sun/movie_560
356	name	http://ml1m-sun/movie_356
433	name	http://ml1m-sun/movie_433
513	name	http://ml1m-sun/movie_513
156	name	http://ml1m-sun/movie_156
826	name	http://ml1m-sun/movie_826
785	name	http://ml1m-sun/movie_785
524	name	http://ml1m-sun/movie_524
1212	name	http://ml1m-sun/movie_1212
1135	name	http://ml1m-sun/movie_1135
1113	name	http://ml1m-sun/movie_1113
463	name	http://ml1m-sun/movie_463
353	name	http://ml1m-sun/movie_353
63	name	http://ml1m-sun/movie_63
663	name	http://ml1m-sun/movie_663
1164	name	http://ml1m-sun/movie_1164
1041	name	http://ml1m-sun/movie_1041
562	name	http://ml1m-sun/movie_562
91	name	http://ml1m-sun/movie_91
940	name	http://ml1m-sun/movie_940
1462	name	http://ml1m-sun/movie_1462
240	name	http://ml1m-sun/movie_240
333	name	http://ml1m-sun/movie_333
403	name	http://ml1m-sun/movie_403
894	name	http://ml1m-sun/movie_894
1228	name	http://ml1m-sun/movie_1228
516	name	http://ml1m-sun/movie_516
61	name	http://ml1m-sun/movie_61
1093	name	http://ml1m-sun/movie_1093
1527	name	http://ml1m-sun/movie_1527
112	name	http://ml1m-sun/movie_112
778	name	http://ml1m-sun/movie_778
261	name	http://ml1m-sun/movie_261
1305	name	http://ml1m-sun/movie_1305
275	name	http://ml1m-sun/movie_275
525	name	http://ml1m-sun/movie_525
138	name	http://ml1m-sun/movie_138
682	name	http://ml1m-sun/movie_682
930	name	http://ml1m-sun/movie_930
541	name	http://ml1m-sun/movie_541
1123	name	http://ml1m-sun/movie_1123
1281	name	http://ml1m-sun/movie_1281
869	name	http://ml1m-sun/movie_869
622	name	http://ml1m-sun/movie_622
978	name	http://ml1m-sun/movie_978
146	name	http://ml1m-sun/movie_146
1169	name	http://ml1m-sun/movie_1169
729	name	http://ml1m-sun/movie_729
1118	name	http://ml1m-sun/movie_1118
1620	name	http://ml1m-sun/movie_1620
1046	name	http://ml1m-sun/movie_1046
1605	name	http://ml1m-sun/movie_1605
1507	name	http://ml1m-sun/movie_1507
646	name	http://ml1m-sun/movie_646
252	name	http://ml1m-sun/movie_252
135	name	http://ml1m-sun/movie_135
389	name	http://ml1m-sun/movie_389
212	name	http://ml1m-sun/movie_212
152	name	http://ml1m-sun/movie_152
1655	name	http://ml1m-sun/movie_1655
1440	name	http://ml1m-sun/movie_1440
488	name	http://ml1m-sun/movie_488
910	name	http://ml1m-sun/movie_910
54	name	http://ml1m-sun/movie_54
774	name	http://ml1m-sun/movie_774
1003	name	http://ml1m-sun/movie_1003
1450	name	http://ml1m-sun/movie_1450
1050	name	http://ml1m-sun/movie_1050
381	name	http://ml1m-sun/movie_381
893	name	http://ml1m-sun/movie_893
540	name	http://ml1m-sun/movie_540
983	name	http://ml1m-sun/movie_983
1374	name	http://ml1m-sun/movie_1374
416	name	http://ml1m-sun/movie_416
492	name	http://ml1m-sun/movie_492
1576	name	http://ml1m-sun/movie_1576
306	name	http://ml1m-sun/movie_306
309	name	http://ml1m-sun/movie_309
559	name	http://ml1m-sun/movie_559
405	name	http://ml1m-sun/movie_405
856	name	http://ml1m-sun/movie_856
828	name	http://ml1m-sun/movie_828
1161	name	http://ml1m-sun/movie_1161
1489	name	http://ml1m-sun/movie_1489
1271	name	http://ml1m-sun/movie_1271
764	name	http://ml1m-sun/movie_764
579	name	http://ml1m-sun/movie_579
773	name	http://ml1m-sun/movie_773
175	name	http://ml1m-sun/movie_175
372	name	http://ml1m-sun/movie_372
53	name	http://ml1m-sun/movie_53
754	name	http://ml1m-sun/movie_754
932	name	http://ml1m-sun/movie_932
1363	name	http://ml1m-sun/movie_1363
630	name	http://ml1m-sun/movie_630
615	name	http://ml1m-sun/movie_615
369	name	http://ml1m-sun/movie_369
926	name	http://ml1m-sun/movie_926
1155	name	http://ml1m-sun/movie_1155
769	name	http://ml1m-sun/movie_769
7	name	http://ml1m-sun/movie_7
520	name	http://ml1m-sun/movie_520
1361	name	http://ml1m-sun/movie_1361
1008	name	http://ml1m-sun/movie_1008
262	name	http://ml1m-sun/movie_262
1638	name	http://ml1m-sun/movie_1638
345	name	http://ml1m-sun/movie_345
1102	name	http://ml1m-sun/movie_1102
1004	name	http://ml1m-sun/movie_1004
196	name	http://ml1m-sun/movie_196
111	name	http://ml1m-sun/movie_111
1166	name	http://ml1m-sun/movie_1166
656	name	http://ml1m-sun/movie_656
1384	name	http://ml1m-sun/movie_1384
257	name	http://ml1m-sun/movie_257
900	name	http://ml1m-sun/movie_900
1530	name	http://ml1m-sun/movie_1530
716	name	http://ml1m-sun/movie_716
400	name	http://ml1m-sun/movie_400
1239	name	http://ml1m-sun/movie_1239
1114	name	http://ml1m-sun/movie_1114
1304	name	http://ml1m-sun/movie_1304
1412	name	http://ml1m-sun/movie_1412
1346	name	http://ml1m-sun/movie_1346
574	name	http://ml1m-sun/movie_574
367	name	http://ml1m-sun/movie_367
670	name	http://ml1m-sun/movie_670
984	name	http://ml1m-sun/movie_984
553	name	http://ml1m-sun/movie_553
293	name	http://ml1m-sun/movie_293
1106	name	http://ml1m-sun/movie_1106
954	name	http://ml1m-sun/movie_954
1498	name	http://ml1m-sun/movie_1498
945	name	http://ml1m-sun/movie_945
594	name	http://ml1m-sun/movie_594
15	name	http://ml1m-sun/movie_15
258	name	http://ml1m-sun/movie_258
1611	name	http://ml1m-sun/movie_1611
610	name	http://ml1m-sun/movie_610
1493	name	http://ml1m-sun/movie_1493
1562	name	http://ml1m-sun/movie_1562
1127	name	http://ml1m-sun/movie_1127
1415	name	http://ml1m-sun/movie_1415
1494	name	http://ml1m-sun/movie_1494
1247	name	http://ml1m-sun/movie_1247
738	name	http://ml1m-sun/movie_738
1488	name	http://ml1m-sun/movie_1488
640	name	http://ml1m-sun/movie_640
1657	name	http://ml1m-sun/movie_1657
454	name	http://ml1m-sun/movie_454
521	name	http://ml1m-sun/movie_521
641	name	http://ml1m-sun/movie_641
1077	name	http://ml1m-sun/movie_1077
1380	name	http://ml1m-sun/movie_1380
1019	name	http://ml1m-sun/movie_1019
233	name	http://ml1m-sun/movie_233
1139	name	http://ml1m-sun/movie_1139
1325	name	http://ml1m-sun/movie_1325
761	name	http://ml1m-sun/movie_761
566	name	http://ml1m-sun/movie_566
1673	name	http://ml1m-sun/movie_1673
1195	name	http://ml1m-sun/movie_1195
1682	name	http://ml1m-sun/movie_1682
264	name	http://ml1m-sun/movie_264
1052	name	http://ml1m-sun/movie_1052
291	name	http://ml1m-sun/movie_291
1091	name	http://ml1m-sun/movie_1091
1	name	http://ml1m-sun/movie_1
509	name	http://ml1m-sun/movie_509
1663	name	http://ml1m-sun/movie_1663
535	name	http://ml1m-sun/movie_535
238	name	http://ml1m-sun/movie_238
808	name	http://ml1m-sun/movie_808
1119	name	http://ml1m-sun/movie_1119
816	name	http://ml1m-sun/movie_816
377	name	http://ml1m-sun/movie_377
1138	name	http://ml1m-sun/movie_1138
467	name	http://ml1m-sun/movie_467
676	name	http://ml1m-sun/movie_676
308	name	http://ml1m-sun/movie_308
1369	name	http://ml1m-sun/movie_1369
1565	name	http://ml1m-sun/movie_1565
1610	name	http://ml1m-sun/movie_1610
794	name	http://ml1m-sun/movie_794
194	name	http://ml1m-sun/movie_194
558	name	http://ml1m-sun/movie_558
896	name	http://ml1m-sun/movie_896
1333	name	http://ml1m-sun/movie_1333
204	name	http://ml1m-sun/movie_204
554	name	http://ml1m-sun/movie_554
287	name	http://ml1m-sun/movie_287
791	name	http://ml1m-sun/movie_791
988	name	http://ml1m-sun/movie_988
268	name	http://ml1m-sun/movie_268
47	name	http://ml1m-sun/movie_47
336	name	http://ml1m-sun/movie_336
342	name	http://ml1m-sun/movie_342
113	name	http://ml1m-sun/movie_113
390	name	http://ml1m-sun/movie_390
543	name	http://ml1m-sun/movie_543
1176	name	http://ml1m-sun/movie_1176
829	name	http://ml1m-sun/movie_829
1156	name	http://ml1m-sun/movie_1156
120	name	http://ml1m-sun/movie_120
1555	name	http://ml1m-sun/movie_1555
757	name	http://ml1m-sun/movie_757
1548	name	http://ml1m-sun/movie_1548
652	name	http://ml1m-sun/movie_652
237	name	http://ml1m-sun/movie_237
1194	name	http://ml1m-sun/movie_1194
480	name	http://ml1m-sun/movie_480
982	name	http://ml1m-sun/movie_982
913	name	http://ml1m-sun/movie_913
81	name	http://ml1m-sun/movie_81
183	name	http://ml1m-sun/movie_183
1316	name	http://ml1m-sun/movie_1316
393	name	http://ml1m-sun/movie_393
1072	name	http://ml1m-sun/movie_1072
441	name	http://ml1m-sun/movie_441
1292	name	http://ml1m-sun/movie_1292
880	name	http://ml1m-sun/movie_880
765	name	http://ml1m-sun/movie_765
394	name	http://ml1m-sun/movie_394
565	name	http://ml1m-sun/movie_565
123	name	http://ml1m-sun/movie_123
644	name	http://ml1m-sun/movie_644
1451	name	http://ml1m-sun/movie_1451
1184	name	http://ml1m-sun/movie_1184
239	name	http://ml1m-sun/movie_239
322	name	http://ml1m-sun/movie_322
383	name	http://ml1m-sun/movie_383
1618	name	http://ml1m-sun/movie_1618
279	name	http://ml1m-sun/movie_279
611	name	http://ml1m-sun/movie_611
1267	name	http://ml1m-sun/movie_1267
1110	name	http://ml1m-sun/movie_1110
1163	name	http://ml1m-sun/movie_1163
289	name	http://ml1m-sun/movie_289
1377	name	http://ml1m-sun/movie_1377
548	name	http://ml1m-sun/movie_548
780	name	http://ml1m-sun/movie_780
1674	name	http://ml1m-sun/movie_1674
1567	name	http://ml1m-sun/movie_1567
804	name	http://ml1m-sun/movie_804
168	name	http://ml1m-sun/movie_168
1532	name	http://ml1m-sun/movie_1532
447	name	http://ml1m-sun/movie_447
12	name	http://ml1m-sun/movie_12
1589	name	http://ml1m-sun/movie_1589
410	name	http://ml1m-sun/movie_410
674	name	http://ml1m-sun/movie_674
1457	name	http://ml1m-sun/movie_1457
1549	name	http://ml1m-sun/movie_1549
823	name	http://ml1m-sun/movie_823
469	name	http://ml1m-sun/movie_469
726	name	http://ml1m-sun/movie_726
1235	name	http://ml1m-sun/movie_1235
831	name	http://ml1m-sun/movie_831
1022	name	http://ml1m-sun/movie_1022
605	name	http://ml1m-sun/movie_605
519	name	http://ml1m-sun/movie_519
93	name	http://ml1m-sun/movie_93
1234	name	http://ml1m-sun/movie_1234
1581	name	http://ml1m-sun/movie_1581
955	name	http://ml1m-sun/movie_955
1568	name	http://ml1m-sun/movie_1568
178	name	http://ml1m-sun/movie_178
406	name	http://ml1m-sun/movie_406
1126	name	http://ml1m-sun/movie_1126
370	name	http://ml1m-sun/movie_370
323	name	http://ml1m-sun/movie_323
1314	name	http://ml1m-sun/movie_1314
717	name	http://ml1m-sun/movie_717
636	name	http://ml1m-sun/movie_636
951	name	http://ml1m-sun/movie_951
1593	name	http://ml1m-sun/movie_1593
346	name	http://ml1m-sun/movie_346
632	name	http://ml1m-sun/movie_632
724	name	http://ml1m-sun/movie_724
999	name	http://ml1m-sun/movie_999
79	name	http://ml1m-sun/movie_79
642	name	http://ml1m-sun/movie_642
1193	name	http://ml1m-sun/movie_1193
971	name	http://ml1m-sun/movie_971
1255	name	http://ml1m-sun/movie_1255
1658	name	http://ml1m-sun/movie_1658
1279	name	http://ml1m-sun/movie_1279
1469	name	http://ml1m-sun/movie_1469
591	name	http://ml1m-sun/movie_591
158	name	http://ml1m-sun/movie_158
70	name	http://ml1m-sun/movie_70
654	name	http://ml1m-sun/movie_654
167	name	http://ml1m-sun/movie_167
1501	name	http://ml1m-sun/movie_1501
586	name	http://ml1m-sun/movie_586
789	name	http://ml1m-sun/movie_789
1672	name	http://ml1m-sun/movie_1672
1006	name	http://ml1m-sun/movie_1006
1344	name	http://ml1m-sun/movie_1344
1391	name	http://ml1m-sun/movie_1391
818	name	http://ml1m-sun/movie_818
477	name	http://ml1m-sun/movie_477
795	name	http://ml1m-sun/movie_795
72	name	http://ml1m-sun/movie_72
986	name	http://ml1m-sun/movie_986
1299	name	http://ml1m-sun/movie_1299
179	name	http://ml1m-sun/movie_179
1580	name	http://ml1m-sun/movie_1580
1364	name	http://ml1m-sun/movie_1364
118	name	http://ml1m-sun/movie_118
1446	name	http://ml1m-sun/movie_1446
1416	name	http://ml1m-sun/movie_1416
1441	name	http://ml1m-sun/movie_1441
838	name	http://ml1m-sun/movie_838
122	name	http://ml1m-sun/movie_122
304	name	http://ml1m-sun/movie_304
706	name	http://ml1m-sun/movie_706
1666	name	http://ml1m-sun/movie_1666
1539	name	http://ml1m-sun/movie_1539
1064	name	http://ml1m-sun/movie_1064
88	name	http://ml1m-sun/movie_88
144	name	http://ml1m-sun/movie_144
549	name	http://ml1m-sun/movie_549
29	name	http://ml1m-sun/movie_29
457	name	http://ml1m-sun/movie_457
64	name	http://ml1m-sun/movie_64
292	name	http://ml1m-sun/movie_292
315	name	http://ml1m-sun/movie_315
280	name	http://ml1m-sun/movie_280
1148	name	http://ml1m-sun/movie_1148
1471	name	http://ml1m-sun/movie_1471
906	name	http://ml1m-sun/movie_906
1534	name	http://ml1m-sun/movie_1534
1509	name	http://ml1m-sun/movie_1509
1631	name	http://ml1m-sun/movie_1631
607	name	http://ml1m-sun/movie_607
806	name	http://ml1m-sun/movie_806
564	name	http://ml1m-sun/movie_564
1146	name	http://ml1m-sun/movie_1146
866	name	http://ml1m-sun/movie_866
21	name	http://ml1m-sun/movie_21
723	name	http://ml1m-sun/movie_723
1097	name	http://ml1m-sun/movie_1097
251	name	http://ml1m-sun/movie_251
1159	name	http://ml1m-sun/movie_1159
197	name	http://ml1m-sun/movie_197
597	name	http://ml1m-sun/movie_597
876	name	http://ml1m-sun/movie_876
1244	name	http://ml1m-sun/movie_1244
1467	name	http://ml1m-sun/movie_1467
847	name	http://ml1m-sun/movie_847
1014	name	http://ml1m-sun/movie_1014
1595	name	http://ml1m-sun/movie_1595
75	name	http://ml1m-sun/movie_75
1013	name	http://ml1m-sun/movie_1013
907	name	http://ml1m-sun/movie_907
1150	name	http://ml1m-sun/movie_1150
288	name	http://ml1m-sun/movie_288
1130	name	http://ml1m-sun/movie_1130
1514	name	http://ml1m-sun/movie_1514
1615	name	http://ml1m-sun/movie_1615
1136	name	http://ml1m-sun/movie_1136
813	name	http://ml1m-sun/movie_813
1398	name	http://ml1m-sun/movie_1398
920	name	http://ml1m-sun/movie_920
1222	name	http://ml1m-sun/movie_1222
1081	name	http://ml1m-sun/movie_1081
1678	name	http://ml1m-sun/movie_1678
1477	name	http://ml1m-sun/movie_1477
462	name	http://ml1m-sun/movie_462
358	name	http://ml1m-sun/movie_358
1133	name	http://ml1m-sun/movie_1133
531	name	http://ml1m-sun/movie_531
18	name	http://ml1m-sun/movie_18
216	name	http://ml1m-sun/movie_216
987	name	http://ml1m-sun/movie_987
1306	name	http://ml1m-sun/movie_1306
1460	name	http://ml1m-sun/movie_1460
180	name	http://ml1m-sun/movie_180
502	name	http://ml1m-sun/movie_502
314	name	http://ml1m-sun/movie_314
188	name	http://ml1m-sun/movie_188
1455	name	http://ml1m-sun/movie_1455
1554	name	http://ml1m-sun/movie_1554
13	name	http://ml1m-sun/movie_13
444	name	http://ml1m-sun/movie_444
1192	name	http://ml1m-sun/movie_1192
1026	name	http://ml1m-sun/movie_1026
1355	name	http://ml1m-sun/movie_1355
1483	name	http://ml1m-sun/movie_1483
248	name	http://ml1m-sun/movie_248
551	name	http://ml1m-sun/movie_551
1151	name	http://ml1m-sun/movie_1151
1635	name	http://ml1m-sun/movie_1635
45	name	http://ml1m-sun/movie_45
1343	name	http://ml1m-sun/movie_1343
1074	name	http://ml1m-sun/movie_1074
1165	name	http://ml1m-sun/movie_1165
1131	name	http://ml1m-sun/movie_1131
1210	name	http://ml1m-sun/movie_1210
735	name	http://ml1m-sun/movie_735
1055	name	http://ml1m-sun/movie_1055
881	name	http://ml1m-sun/movie_881
756	name	http://ml1m-sun/movie_756
174	name	http://ml1m-sun/movie_174
577	name	http://ml1m-sun/movie_577
220	name	http://ml1m-sun/movie_220
698	name	http://ml1m-sun/movie_698
1418	name	http://ml1m-sun/movie_1418
1230	name	http://ml1m-sun/movie_1230
1054	name	http://ml1m-sun/movie_1054
1329	name	http://ml1m-sun/movie_1329
95	name	http://ml1m-sun/movie_95
990	name	http://ml1m-sun/movie_990
1183	name	http://ml1m-sun/movie_1183
991	name	http://ml1m-sun/movie_991
846	name	http://ml1m-sun/movie_846
1297	name	http://ml1m-sun/movie_1297
327	name	http://ml1m-sun/movie_327
1111	name	http://ml1m-sun/movie_1111
596	name	http://ml1m-sun/movie_596
1186	name	http://ml1m-sun/movie_1186
1518	name	http://ml1m-sun/movie_1518
689	name	http://ml1m-sun/movie_689
511	name	http://ml1m-sun/movie_511
688	name	http://ml1m-sun/movie_688
1347	name	http://ml1m-sun/movie_1347
1436	name	http://ml1m-sun/movie_1436
571	name	http://ml1m-sun/movie_571
1442	name	http://ml1m-sun/movie_1442
836	name	http://ml1m-sun/movie_836
1158	name	http://ml1m-sun/movie_1158
1145	name	http://ml1m-sun/movie_1145
466	name	http://ml1m-sun/movie_466
286	name	http://ml1m-sun/movie_286
863	name	http://ml1m-sun/movie_863
1308	name	http://ml1m-sun/movie_1308
1464	name	http://ml1m-sun/movie_1464
58	name	http://ml1m-sun/movie_58
451	name	http://ml1m-sun/movie_451
172	name	http://ml1m-sun/movie_172
603	name	http://ml1m-sun/movie_603
1466	name	http://ml1m-sun/movie_1466
412	name	http://ml1m-sun/movie_412
1572	name	http://ml1m-sun/movie_1572
803	name	http://ml1m-sun/movie_803
1154	name	http://ml1m-sun/movie_1154
870	name	http://ml1m-sun/movie_870
147	name	http://ml1m-sun/movie_147
767	name	http://ml1m-sun/movie_767
1278	name	http://ml1m-sun/movie_1278
621	name	http://ml1m-sun/movie_621
635	name	http://ml1m-sun/movie_635
631	name	http://ml1m-sun/movie_631
1144	name	http://ml1m-sun/movie_1144
1443	name	http://ml1m-sun/movie_1443
1124	name	http://ml1m-sun/movie_1124
303	name	http://ml1m-sun/movie_303
44	name	http://ml1m-sun/movie_44
792	name	http://ml1m-sun/movie_792
1087	name	http://ml1m-sun/movie_1087
256	name	http://ml1m-sun/movie_256
768	name	http://ml1m-sun/movie_768
1172	name	http://ml1m-sun/movie_1172
1059	name	http://ml1m-sun/movie_1059
331	name	http://ml1m-sun/movie_331
515	name	http://ml1m-sun/movie_515
1002	name	http://ml1m-sun/movie_1002
1584	name	http://ml1m-sun/movie_1584
552	name	http://ml1m-sun/movie_552
41	name	http://ml1m-sun/movie_41
85	name	http://ml1m-sun/movie_85
994	name	http://ml1m-sun/movie_994
546	name	http://ml1m-sun/movie_546
1383	name	http://ml1m-sun/movie_1383
1385	name	http://ml1m-sun/movie_1385
962	name	http://ml1m-sun/movie_962
1187	name	http://ml1m-sun/movie_1187
985	name	http://ml1m-sun/movie_985
344	name	http://ml1m-sun/movie_344
1320	name	http://ml1m-sun/movie_1320
24	name	http://ml1m-sun/movie_24
1575	name	http://ml1m-sun/movie_1575
115	name	http://ml1m-sun/movie_115
77	name	http://ml1m-sun/movie_77
208	name	http://ml1m-sun/movie_208
811	name	http://ml1m-sun/movie_811
1174	name	http://ml1m-sun/movie_1174
409	name	http://ml1m-sun/movie_409
824	name	http://ml1m-sun/movie_824
937	name	http://ml1m-sun/movie_937
997	name	http://ml1m-sun/movie_997
1269	name	http://ml1m-sun/movie_1269
835	name	http://ml1m-sun/movie_835
542	name	http://ml1m-sun/movie_542
1400	name	http://ml1m-sun/movie_1400
834	name	http://ml1m-sun/movie_834
434	name	http://ml1m-sun/movie_434
68	name	http://ml1m-sun/movie_68
606	name	http://ml1m-sun/movie_606
1246	name	http://ml1m-sun/movie_1246
510	name	http://ml1m-sun/movie_510
867	name	http://ml1m-sun/movie_867
109	name	http://ml1m-sun/movie_109
1040	name	http://ml1m-sun/movie_1040
250	name	http://ml1m-sun/movie_250
526	name	http://ml1m-sun/movie_526
224	name	http://ml1m-sun/movie_224
404	name	http://ml1m-sun/movie_404
895	name	http://ml1m-sun/movie_895
1101	name	http://ml1m-sun/movie_1101
92	name	http://ml1m-sun/movie_92
1334	name	http://ml1m-sun/movie_1334
1389	name	http://ml1m-sun/movie_1389
1160	name	http://ml1m-sun/movie_1160
86	name	http://ml1m-sun/movie_86
1336	name	http://ml1m-sun/movie_1336
164	name	http://ml1m-sun/movie_164
202	name	http://ml1m-sun/movie_202
348	name	http://ml1m-sun/movie_348
812	name	http://ml1m-sun/movie_812
1387	name	http://ml1m-sun/movie_1387
845	name	http://ml1m-sun/movie_845
1648	name	http://ml1m-sun/movie_1648
330	name	http://ml1m-sun/movie_330
528	name	http://ml1m-sun/movie_528
464	name	http://ml1m-sun/movie_464
1350	name	http://ml1m-sun/movie_1350
42	name	http://ml1m-sun/movie_42
1607	name	http://ml1m-sun/movie_1607
1680	name	http://ml1m-sun/movie_1680
199	name	http://ml1m-sun/movie_199
1508	name	http://ml1m-sun/movie_1508
1644	name	http://ml1m-sun/movie_1644
662	name	http://ml1m-sun/movie_662
1056	name	http://ml1m-sun/movie_1056
977	name	http://ml1m-sun/movie_977
1622	name	http://ml1m-sun/movie_1622
166	name	http://ml1m-sun/movie_166
439	name	http://ml1m-sun/movie_439
1109	name	http://ml1m-sun/movie_1109
1326	name	http://ml1m-sun/movie_1326
998	name	http://ml1m-sun/movie_998
844	name	http://ml1m-sun/movie_844
507	name	http://ml1m-sun/movie_507
1405	name	http://ml1m-sun/movie_1405
1424	name	http://ml1m-sun/movie_1424
1571	name	http://ml1m-sun/movie_1571
399	name	http://ml1m-sun/movie_399
328	name	http://ml1m-sun/movie_328
1219	name	http://ml1m-sun/movie_1219
1275	name	http://ml1m-sun/movie_1275
97	name	http://ml1m-sun/movie_97
150	name	http://ml1m-sun/movie_150
1065	name	http://ml1m-sun/movie_1065
618	name	http://ml1m-sun/movie_618
1095	name	http://ml1m-sun/movie_1095
1284	name	http://ml1m-sun/movie_1284
1541	name	http://ml1m-sun/movie_1541
1035	name	http://ml1m-sun/movie_1035
514	name	http://ml1m-sun/movie_514
848	name	http://ml1m-sun/movie_848
130	name	http://ml1m-sun/movie_130
380	name	http://ml1m-sun/movie_380
1213	name	http://ml1m-sun/movie_1213
52	name	http://ml1m-sun/movie_52
198	name	http://ml1m-sun/movie_198
382	name	http://ml1m-sun/movie_382
782	name	http://ml1m-sun/movie_782
376	name	http://ml1m-sun/movie_376
436	name	http://ml1m-sun/movie_436
1341	name	http://ml1m-sun/movie_1341
1061	name	http://ml1m-sun/movie_1061
1273	name	http://ml1m-sun/movie_1273
629	name	http://ml1m-sun/movie_629
1188	name	http://ml1m-sun/movie_1188
1216	name	http://ml1m-sun/movie_1216
1529	name	http://ml1m-sun/movie_1529
1582	name	http://ml1m-sun/movie_1582
989	name	http://ml1m-sun/movie_989
1474	name	http://ml1m-sun/movie_1474
1079	name	http://ml1m-sun/movie_1079
1561	name	http://ml1m-sun/movie_1561
1603	name	http://ml1m-sun/movie_1603
66	name	http://ml1m-sun/movie_66
1587	name	http://ml1m-sun/movie_1587
50	name	http://ml1m-sun/movie_50
1223	name	http://ml1m-sun/movie_1223
1264	name	http://ml1m-sun/movie_1264
1309	name	http://ml1m-sun/movie_1309
101	name	http://ml1m-sun/movie_101
361	name	http://ml1m-sun/movie_361
817	name	http://ml1m-sun/movie_817
498	name	http://ml1m-sun/movie_498
949	name	http://ml1m-sun/movie_949
1563	name	http://ml1m-sun/movie_1563
1051	name	http://ml1m-sun/movie_1051
600	name	http://ml1m-sun/movie_600
648	name	http://ml1m-sun/movie_648
1034	name	http://ml1m-sun/movie_1034
49	name	http://ml1m-sun/movie_49
131	name	http://ml1m-sun/movie_131
801	name	http://ml1m-sun/movie_801
17	name	http://ml1m-sun/movie_17
883	name	http://ml1m-sun/movie_883
254	name	http://ml1m-sun/movie_254
1651	name	http://ml1m-sun/movie_1651
437	name	http://ml1m-sun/movie_437
973	name	http://ml1m-sun/movie_973
1542	name	http://ml1m-sun/movie_1542
1302	name	http://ml1m-sun/movie_1302
1227	name	http://ml1m-sun/movie_1227
121	name	http://ml1m-sun/movie_121
1668	name	http://ml1m-sun/movie_1668
1409	name	http://ml1m-sun/movie_1409
1379	name	http://ml1m-sun/movie_1379
504	name	http://ml1m-sun/movie_504
1140	name	http://ml1m-sun/movie_1140
1681	name	http://ml1m-sun/movie_1681
1196	name	http://ml1m-sun/movie_1196
891	name	http://ml1m-sun/movie_891
1149	name	http://ml1m-sun/movie_1149
770	name	http://ml1m-sun/movie_770
427	name	http://ml1m-sun/movie_427
576	name	http://ml1m-sun/movie_576
1128	name	http://ml1m-sun/movie_1128
1204	name	http://ml1m-sun/movie_1204
20	name	http://ml1m-sun/movie_20
783	name	http://ml1m-sun/movie_783
1307	name	http://ml1m-sun/movie_1307
1282	name	http://ml1m-sun/movie_1282
1030	name	http://ml1m-sun/movie_1030
897	name	http://ml1m-sun/movie_897
1641	name	http://ml1m-sun/movie_1641
1178	name	http://ml1m-sun/movie_1178
157	name	http://ml1m-sun/movie_157
1629	name	http://ml1m-sun/movie_1629
575	name	http://ml1m-sun/movie_575
5	name	http://ml1m-sun/movie_5
651	name	http://ml1m-sun/movie_651
1010	name	http://ml1m-sun/movie_1010
1217	name	http://ml1m-sun/movie_1217
1491	name	http://ml1m-sun/movie_1491
335	name	http://ml1m-sun/movie_335
100	name	http://ml1m-sun/movie_100
1558	name	http://ml1m-sun/movie_1558
1515	name	http://ml1m-sun/movie_1515
1001	name	http://ml1m-sun/movie_1001
1354	name	http://ml1m-sun/movie_1354
1499	name	http://ml1m-sun/movie_1499
1497	name	http://ml1m-sun/movie_1497
408	name	http://ml1m-sun/movie_408
1614	name	http://ml1m-sun/movie_1614
500	name	http://ml1m-sun/movie_500
281	name	http://ml1m-sun/movie_281
395	name	http://ml1m-sun/movie_395
203	name	http://ml1m-sun/movie_203
827	name	http://ml1m-sun/movie_827
1433	name	http://ml1m-sun/movie_1433
943	name	http://ml1m-sun/movie_943
1367	name	http://ml1m-sun/movie_1367
125	name	http://ml1m-sun/movie_125
887	name	http://ml1m-sun/movie_887
517	name	http://ml1m-sun/movie_517
749	name	http://ml1m-sun/movie_749
43	name	http://ml1m-sun/movie_43
1588	name	http://ml1m-sun/movie_1588
1606	name	http://ml1m-sun/movie_1606
968	name	http://ml1m-sun/movie_968
933	name	http://ml1m-sun/movie_933
1020	name	http://ml1m-sun/movie_1020
1500	name	http://ml1m-sun/movie_1500
1335	name	http://ml1m-sun/movie_1335
1533	name	http://ml1m-sun/movie_1533
1303	name	http://ml1m-sun/movie_1303
470	name	http://ml1m-sun/movie_470
941	name	http://ml1m-sun/movie_941
1619	name	http://ml1m-sun/movie_1619
311	name	http://ml1m-sun/movie_311
557	name	http://ml1m-sun/movie_557
619	name	http://ml1m-sun/movie_619
1108	name	http://ml1m-sun/movie_1108
569	name	http://ml1m-sun/movie_569
193	name	http://ml1m-sun/movie_193
568	name	http://ml1m-sun/movie_568
776	name	http://ml1m-sun/movie_776
334	name	http://ml1m-sun/movie_334
1182	name	http://ml1m-sun/movie_1182
148	name	http://ml1m-sun/movie_148
609	name	http://ml1m-sun/movie_609
837	name	http://ml1m-sun/movie_837
852	name	http://ml1m-sun/movie_852
55	name	http://ml1m-sun/movie_55
796	name	http://ml1m-sun/movie_796
1088	name	http://ml1m-sun/movie_1088
455	name	http://ml1m-sun/movie_455
474	name	http://ml1m-sun/movie_474
192	name	http://ml1m-sun/movie_192
249	name	http://ml1m-sun/movie_249
274	name	http://ml1m-sun/movie_274
489	name	http://ml1m-sun/movie_489
1170	name	http://ml1m-sun/movie_1170
820	name	http://ml1m-sun/movie_820
931	name	http://ml1m-sun/movie_931
1240	name	http://ml1m-sun/movie_1240
1521	name	http://ml1m-sun/movie_1521
1105	name	http://ml1m-sun/movie_1105
787	name	http://ml1m-sun/movie_787
1438	name	http://ml1m-sun/movie_1438
4	name	http://ml1m-sun/movie_4
660	name	http://ml1m-sun/movie_660
184	name	http://ml1m-sun/movie_184
1147	name	http://ml1m-sun/movie_1147
170	name	http://ml1m-sun/movie_170
1524	name	http://ml1m-sun/movie_1524
1390	name	http://ml1m-sun/movie_1390
871	name	http://ml1m-sun/movie_871
39	name	http://ml1m-sun/movie_39
11	name	http://ml1m-sun/movie_11
917	name	http://ml1m-sun/movie_917
176	name	http://ml1m-sun/movie_176
1005	name	http://ml1m-sun/movie_1005
1382	name	http://ml1m-sun/movie_1382
890	name	http://ml1m-sun/movie_890
1229	name	http://ml1m-sun/movie_1229
1423	name	http://ml1m-sun/movie_1423
1143	name	http://ml1m-sun/movie_1143
1288	name	http://ml1m-sun/movie_1288
1547	name	http://ml1m-sun/movie_1547
435	name	http://ml1m-sun/movie_435
736	name	http://ml1m-sun/movie_736
1406	name	http://ml1m-sun/movie_1406
1262	name	http://ml1m-sun/movie_1262
928	name	http://ml1m-sun/movie_928
1171	name	http://ml1m-sun/movie_1171
1285	name	http://ml1m-sun/movie_1285
1112	name	http://ml1m-sun/movie_1112
1152	name	http://ml1m-sun/movie_1152
226	name	http://ml1m-sun/movie_226
814	name	http://ml1m-sun/movie_814
1274	name	http://ml1m-sun/movie_1274
1190	name	http://ml1m-sun/movie_1190
1650	name	http://ml1m-sun/movie_1650
139	name	http://ml1m-sun/movie_139
1321	name	http://ml1m-sun/movie_1321
1394	name	http://ml1m-sun/movie_1394
1426	name	http://ml1m-sun/movie_1426
160	name	http://ml1m-sun/movie_160
681	name	http://ml1m-sun/movie_681
533	name	http://ml1m-sun/movie_533
701	name	http://ml1m-sun/movie_701
165	name	http://ml1m-sun/movie_165
692	name	http://ml1m-sun/movie_692
14	name	http://ml1m-sun/movie_14
719	name	http://ml1m-sun/movie_719
1352	name	http://ml1m-sun/movie_1352
1092	name	http://ml1m-sun/movie_1092
655	name	http://ml1m-sun/movie_655
1044	name	http://ml1m-sun/movie_1044
802	name	http://ml1m-sun/movie_802
1559	name	http://ml1m-sun/movie_1559
532	name	http://ml1m-sun/movie_532
71	name	http://ml1m-sun/movie_71
772	name	http://ml1m-sun/movie_772
1039	name	http://ml1m-sun/movie_1039
1544	name	http://ml1m-sun/movie_1544
1439	name	http://ml1m-sun/movie_1439
1413	name	http://ml1m-sun/movie_1413
1218	name	http://ml1m-sun/movie_1218
1677	name	http://ml1m-sun/movie_1677
730	name	http://ml1m-sun/movie_730
1238	name	http://ml1m-sun/movie_1238
325	name	http://ml1m-sun/movie_325
1298	name	http://ml1m-sun/movie_1298
89	name	http://ml1m-sun/movie_89
211	name	http://ml1m-sun/movie_211
486	name	http://ml1m-sun/movie_486
643	name	http://ml1m-sun/movie_643
996	name	http://ml1m-sun/movie_996
374	name	http://ml1m-sun/movie_374
421	name	http://ml1m-sun/movie_421
1265	name	http://ml1m-sun/movie_1265
430	name	http://ml1m-sun/movie_430
501	name	http://ml1m-sun/movie_501
1664	name	http://ml1m-sun/movie_1664
1017	name	http://ml1m-sun/movie_1017
1445	name	http://ml1m-sun/movie_1445
616	name	http://ml1m-sun/movie_616
375	name	http://ml1m-sun/movie_375
979	name	http://ml1m-sun/movie_979
1461	name	http://ml1m-sun/movie_1461
537	name	http://ml1m-sun/movie_537
1286	name	http://ml1m-sun/movie_1286
1550	name	http://ml1m-sun/movie_1550
572	name	http://ml1m-sun/movie_572
661	name	http://ml1m-sun/movie_661
1577	name	http://ml1m-sun/movie_1577
1525	name	http://ml1m-sun/movie_1525
690	name	http://ml1m-sun/movie_690
1348	name	http://ml1m-sun/movie_1348
703	name	http://ml1m-sun/movie_703
300	name	http://ml1m-sun/movie_300
733	name	http://ml1m-sun/movie_733
766	name	http://ml1m-sun/movie_766
1472	name	http://ml1m-sun/movie_1472
1435	name	http://ml1m-sun/movie_1435
853	name	http://ml1m-sun/movie_853
645	name	http://ml1m-sun/movie_645
1090	name	http://ml1m-sun/movie_1090
798	name	http://ml1m-sun/movie_798
1604	name	http://ml1m-sun/movie_1604
223	name	http://ml1m-sun/movie_223
352	name	http://ml1m-sun/movie_352
242	name	http://ml1m-sun/movie_242
1570	name	http://ml1m-sun/movie_1570
1224	name	http://ml1m-sun/movie_1224
1557	name	http://ml1m-sun/movie_1557
159	name	http://ml1m-sun/movie_159
936	name	http://ml1m-sun/movie_936
368	name	http://ml1m-sun/movie_368
687	name	http://ml1m-sun/movie_687
1162	name	http://ml1m-sun/movie_1162
1208	name	http://ml1m-sun/movie_1208
1626	name	http://ml1m-sun/movie_1626
617	name	http://ml1m-sun/movie_617
705	name	http://ml1m-sun/movie_705
901	name	http://ml1m-sun/movie_901
923	name	http://ml1m-sun/movie_923
790	name	http://ml1m-sun/movie_790
529	name	http://ml1m-sun/movie_529
36	name	http://ml1m-sun/movie_36
312	name	http://ml1m-sun/movie_312
1654	name	http://ml1m-sun/movie_1654
885	name	http://ml1m-sun/movie_885
295	name	http://ml1m-sun/movie_295
243	name	http://ml1m-sun/movie_243
659	name	http://ml1m-sun/movie_659
1289	name	http://ml1m-sun/movie_1289
397	name	http://ml1m-sun/movie_397
722	name	http://ml1m-sun/movie_722
272	name	http://ml1m-sun/movie_272
950	name	http://ml1m-sun/movie_950
1241	name	http://ml1m-sun/movie_1241
350	name	http://ml1m-sun/movie_350
494	name	http://ml1m-sun/movie_494
1546	name	http://ml1m-sun/movie_1546
1175	name	http://ml1m-sun/movie_1175
1368	name	http://ml1m-sun/movie_1368
40	name	http://ml1m-sun/movie_40
815	name	http://ml1m-sun/movie_815
384	name	http://ml1m-sun/movie_384
624	name	http://ml1m-sun/movie_624
1586	name	http://ml1m-sun/movie_1586
522	name	http://ml1m-sun/movie_522
909	name	http://ml1m-sun/movie_909
200	name	http://ml1m-sun/movie_200
424	name	http://ml1m-sun/movie_424
387	name	http://ml1m-sun/movie_387
797	name	http://ml1m-sun/movie_797
266	name	http://ml1m-sun/movie_266
1519	name	http://ml1m-sun/movie_1519
934	name	http://ml1m-sun/movie_934
556	name	http://ml1m-sun/movie_556
337	name	http://ml1m-sun/movie_337
294	name	http://ml1m-sun/movie_294
1388	name	http://ml1m-sun/movie_1388
1260	name	http://ml1m-sun/movie_1260
1016	name	http://ml1m-sun/movie_1016
843	name	http://ml1m-sun/movie_843
215	name	http://ml1m-sun/movie_215
28	name	http://ml1m-sun/movie_28
777	name	http://ml1m-sun/movie_777
1180	name	http://ml1m-sun/movie_1180
1473	name	http://ml1m-sun/movie_1473
677	name	http://ml1m-sun/movie_677
882	name	http://ml1m-sun/movie_882
1481	name	http://ml1m-sun/movie_1481
739	name	http://ml1m-sun/movie_739
299	name	http://ml1m-sun/movie_299
379	name	http://ml1m-sun/movie_379
612	name	http://ml1m-sun/movie_612
1029	name	http://ml1m-sun/movie_1029
442	name	http://ml1m-sun/movie_442
1168	name	http://ml1m-sun/movie_1168
1523	name	http://ml1m-sun/movie_1523
534	name	http://ml1m-sun/movie_534
153	name	http://ml1m-sun/movie_153
1337	name	http://ml1m-sun/movie_1337
1452	name	http://ml1m-sun/movie_1452
693	name	http://ml1m-sun/movie_693
590	name	http://ml1m-sun/movie_590
877	name	http://ml1m-sun/movie_877
961	name	http://ml1m-sun/movie_961
1340	name	http://ml1m-sun/movie_1340
1027	name	http://ml1m-sun/movie_1027
107	name	http://ml1m-sun/movie_107
952	name	http://ml1m-sun/movie_952
34	name	http://ml1m-sun/movie_34
1609	name	http://ml1m-sun/movie_1609
1191	name	http://ml1m-sun/movie_1191
1089	name	http://ml1m-sun/movie_1089
102	name	http://ml1m-sun/movie_102
26	name	http://ml1m-sun/movie_26
506	name	http://ml1m-sun/movie_506
1637	name	http://ml1m-sun/movie_1637
479	name	http://ml1m-sun/movie_479
1076	name	http://ml1m-sun/movie_1076
1496	name	http://ml1m-sun/movie_1496
942	name	http://ml1m-sun/movie_942
228	name	http://ml1m-sun/movie_228
201	name	http://ml1m-sun/movie_201
378	name	http://ml1m-sun/movie_378
351	name	http://ml1m-sun/movie_351
1202	name	http://ml1m-sun/movie_1202
972	name	http://ml1m-sun/movie_972
969	name	http://ml1m-sun/movie_969
1425	name	http://ml1m-sun/movie_1425
1256	name	http://ml1m-sun/movie_1256
151	name	http://ml1m-sun/movie_151
37	name	http://ml1m-sun/movie_37
177	name	http://ml1m-sun/movie_177
301	name	http://ml1m-sun/movie_301
1070	name	http://ml1m-sun/movie_1070
428	name	http://ml1m-sun/movie_428
1231	name	http://ml1m-sun/movie_1231
1251	name	http://ml1m-sun/movie_1251
1339	name	http://ml1m-sun/movie_1339
697	name	http://ml1m-sun/movie_697
1449	name	http://ml1m-sun/movie_1449
110	name	http://ml1m-sun/movie_110
1480	name	http://ml1m-sun/movie_1480
186	name	http://ml1m-sun/movie_186
245	name	http://ml1m-sun/movie_245
362	name	http://ml1m-sun/movie_362
1366	name	http://ml1m-sun/movie_1366
788	name	http://ml1m-sun/movie_788
496	name	http://ml1m-sun/movie_496
1670	name	http://ml1m-sun/movie_1670
207	name	http://ml1m-sun/movie_207
1327	name	http://ml1m-sun/movie_1327
1479	name	http://ml1m-sun/movie_1479
359	name	http://ml1m-sun/movie_359
833	name	http://ml1m-sun/movie_833
1252	name	http://ml1m-sun/movie_1252
898	name	http://ml1m-sun/movie_898
398	name	http://ml1m-sun/movie_398
31	name	http://ml1m-sun/movie_31
956	name	http://ml1m-sun/movie_956
1417	name	http://ml1m-sun/movie_1417
784	name	http://ml1m-sun/movie_784
161	name	http://ml1m-sun/movie_161
1642	name	http://ml1m-sun/movie_1642
1060	name	http://ml1m-sun/movie_1060
1254	name	http://ml1m-sun/movie_1254
128	name	http://ml1m-sun/movie_128
298	name	http://ml1m-sun/movie_298
414	name	http://ml1m-sun/movie_414
155	name	http://ml1m-sun/movie_155
48	name	http://ml1m-sun/movie_48
1495	name	http://ml1m-sun/movie_1495
671	name	http://ml1m-sun/movie_671
1068	name	http://ml1m-sun/movie_1068
329	name	http://ml1m-sun/movie_329
1277	name	http://ml1m-sun/movie_1277
807	name	http://ml1m-sun/movie_807
862	name	http://ml1m-sun/movie_862
265	name	http://ml1m-sun/movie_265
56	name	http://ml1m-sun/movie_56
653	name	http://ml1m-sun/movie_653
1011	name	http://ml1m-sun/movie_1011
750	name	http://ml1m-sun/movie_750
320	name	http://ml1m-sun/movie_320
742	name	http://ml1m-sun/movie_742
759	name	http://ml1m-sun/movie_759
1403	name	http://ml1m-sun/movie_1403
1085	name	http://ml1m-sun/movie_1085
711	name	http://ml1m-sun/movie_711
1215	name	http://ml1m-sun/movie_1215
1511	name	http://ml1m-sun/movie_1511
669	name	http://ml1m-sun/movie_669
1103	name	http://ml1m-sun/movie_1103
1322	name	http://ml1m-sun/movie_1322
1373	name	http://ml1m-sun/movie_1373
628	name	http://ml1m-sun/movie_628
819	name	http://ml1m-sun/movie_819
94	name	http://ml1m-sun/movie_94
82	name	http://ml1m-sun/movie_82
953	name	http://ml1m-sun/movie_953
904	name	http://ml1m-sun/movie_904
181	name	http://ml1m-sun/movie_181
884	name	http://ml1m-sun/movie_884
1125	name	http://ml1m-sun/movie_1125
614	name	http://ml1m-sun/movie_614
573	name	http://ml1m-sun/movie_573
1311	name	http://ml1m-sun/movie_1311
1024	name	http://ml1m-sun/movie_1024
873	name	http://ml1m-sun/movie_873
604	name	http://ml1m-sun/movie_604
1290	name	http://ml1m-sun/movie_1290
119	name	http://ml1m-sun/movie_119
244	name	http://ml1m-sun/movie_244
132	name	http://ml1m-sun/movie_132
708	name	http://ml1m-sun/movie_708
417	name	http://ml1m-sun/movie_417
340	name	http://ml1m-sun/movie_340
343	name	http://ml1m-sun/movie_343
3	name	http://ml1m-sun/movie_3
911	name	http://ml1m-sun/movie_911
700	name	http://ml1m-sun/movie_700
702	name	http://ml1m-sun/movie_702
1599	name	http://ml1m-sun/movie_1599
278	name	http://ml1m-sun/movie_278
561	name	http://ml1m-sun/movie_561
966	name	http://ml1m-sun/movie_966
385	name	http://ml1m-sun/movie_385
865	name	http://ml1m-sun/movie_865
448	name	http://ml1m-sun/movie_448
1287	name	http://ml1m-sun/movie_1287
137	name	http://ml1m-sun/movie_137
707	name	http://ml1m-sun/movie_707
1598	name	http://ml1m-sun/movie_1598
1345	name	http://ml1m-sun/movie_1345
1545	name	http://ml1m-sun/movie_1545
786	name	http://ml1m-sun/movie_786
1490	name	http://ml1m-sun/movie_1490
974	name	http://ml1m-sun/movie_974
667	name	http://ml1m-sun/movie_667
737	name	http://ml1m-sun/movie_737
959	name	http://ml1m-sun/movie_959
51	name	http://ml1m-sun/movie_51
1478	name	http://ml1m-sun/movie_1478
1082	name	http://ml1m-sun/movie_1082
1463	name	http://ml1m-sun/movie_1463
371	name	http://ml1m-sun/movie_371
357	name	http://ml1m-sun/movie_357
832	name	http://ml1m-sun/movie_832
595	name	http://ml1m-sun/movie_595
116	name	http://ml1m-sun/movie_116
232	name	http://ml1m-sun/movie_232
418	name	http://ml1m-sun/movie_418
1021	name	http://ml1m-sun/movie_1021
1553	name	http://ml1m-sun/movie_1553
1258	name	http://ml1m-sun/movie_1258
530	name	http://ml1m-sun/movie_530
19	name	http://ml1m-sun/movie_19
1616	name	http://ml1m-sun/movie_1616
195	name	http://ml1m-sun/movie_195
1414	name	http://ml1m-sun/movie_1414
1094	name	http://ml1m-sun/movie_1094
221	name	http://ml1m-sun/movie_221
76	name	http://ml1m-sun/movie_76
964	name	http://ml1m-sun/movie_964
1318	name	http://ml1m-sun/movie_1318
634	name	http://ml1m-sun/movie_634
679	name	http://ml1m-sun/movie_679
1007	name	http://ml1m-sun/movie_1007
392	name	http://ml1m-sun/movie_392
508	name	http://ml1m-sun/movie_508
339	name	http://ml1m-sun/movie_339
741	name	http://ml1m-sun/movie_741
850	name	http://ml1m-sun/movie_850
758	name	http://ml1m-sun/movie_758
104	name	http://ml1m-sun/movie_104
