537	name	http://ml1m-sun/movie_537
42	name	http://ml1m-sun/movie_42
1615	name	http://ml1m-sun/movie_1615
236	name	http://ml1m-sun/movie_236
308	name	http://ml1m-sun/movie_308
471	name	http://ml1m-sun/movie_471
1463	name	http://ml1m-sun/movie_1463
548	name	http://ml1m-sun/movie_548
1085	name	http://ml1m-sun/movie_1085
414	name	http://ml1m-sun/movie_414
1644	name	http://ml1m-sun/movie_1644
715	name	http://ml1m-sun/movie_715
915	name	http://ml1m-sun/movie_915
326	name	http://ml1m-sun/movie_326
401	name	http://ml1m-sun/movie_401
1451	name	http://ml1m-sun/movie_1451
500	name	http://ml1m-sun/movie_500
1040	name	http://ml1m-sun/movie_1040
857	name	http://ml1m-sun/movie_857
291	name	http://ml1m-sun/movie_291
1422	name	http://ml1m-sun/movie_1422
1574	name	http://ml1m-sun/movie_1574
1121	name	http://ml1m-sun/movie_1121
78	name	http://ml1m-sun/movie_78
511	name	http://ml1m-sun/movie_511
624	name	http://ml1m-sun/movie_624
135	name	http://ml1m-sun/movie_135
1390	name	http://ml1m-sun/movie_1390
946	name	http://ml1m-sun/movie_946
1600	name	http://ml1m-sun/movie_1600
1210	name	http://ml1m-sun/movie_1210
65	name	http://ml1m-sun/movie_65
1560	name	http://ml1m-sun/movie_1560
871	name	http://ml1m-sun/movie_871
1416	name	http://ml1m-sun/movie_1416
1270	name	http://ml1m-sun/movie_1270
360	name	http://ml1m-sun/movie_360
698	name	http://ml1m-sun/movie_698
945	name	http://ml1m-sun/movie_945
1679	name	http://ml1m-sun/movie_1679
1216	name	http://ml1m-sun/movie_1216
169	name	http://ml1m-sun/movie_169
710	name	http://ml1m-sun/movie_710
1257	name	http://ml1m-sun/movie_1257
408	name	http://ml1m-sun/movie_408
679	name	http://ml1m-sun/movie_679
97	name	http://ml1m-sun/movie_97
456	name	http://ml1m-sun/movie_456
772	name	http://ml1m-sun/movie_772
1048	name	http://ml1m-sun/movie_1048
1453	name	http://ml1m-sun/movie_1453
282	name	http://ml1m-sun/movie_282
600	name	http://ml1m-sun/movie_600
1310	name	http://ml1m-sun/movie_1310
947	name	http://ml1m-sun/movie_947
774	name	http://ml1m-sun/movie_774
827	name	http://ml1m-sun/movie_827
294	name	http://ml1m-sun/movie_294
392	name	http://ml1m-sun/movie_392
1141	name	http://ml1m-sun/movie_1141
1447	name	http://ml1m-sun/movie_1447
25	name	http://ml1m-sun/movie_25
435	name	http://ml1m-sun/movie_435
1630	name	http://ml1m-sun/movie_1630
1321	name	http://ml1m-sun/movie_1321
1513	name	http://ml1m-sun/movie_1513
1292	name	http://ml1m-sun/movie_1292
209	name	http://ml1m-sun/movie_209
1330	name	http://ml1m-sun/movie_1330
287	name	http://ml1m-sun/movie_287
103	name	http://ml1m-sun/movie_103
62	name	http://ml1m-sun/movie_62
517	name	http://ml1m-sun/movie_517
823	name	http://ml1m-sun/movie_823
976	name	http://ml1m-sun/movie_976
724	name	http://ml1m-sun/movie_724
689	name	http://ml1m-sun/movie_689
1055	name	http://ml1m-sun/movie_1055
1248	name	http://ml1m-sun/movie_1248
688	name	http://ml1m-sun/movie_688
1677	name	http://ml1m-sun/movie_1677
336	name	http://ml1m-sun/movie_336
155	name	http://ml1m-sun/movie_155
54	name	http://ml1m-sun/movie_54
1274	name	http://ml1m-sun/movie_1274
428	name	http://ml1m-sun/movie_428
764	name	http://ml1m-sun/movie_764
1082	name	http://ml1m-sun/movie_1082
957	name	http://ml1m-sun/movie_957
1212	name	http://ml1m-sun/movie_1212
1401	name	http://ml1m-sun/movie_1401
205	name	http://ml1m-sun/movie_205
1294	name	http://ml1m-sun/movie_1294
1537	name	http://ml1m-sun/movie_1537
1006	name	http://ml1m-sun/movie_1006
549	name	http://ml1m-sun/movie_549
552	name	http://ml1m-sun/movie_552
840	name	http://ml1m-sun/movie_840
553	name	http://ml1m-sun/movie_553
1659	name	http://ml1m-sun/movie_1659
400	name	http://ml1m-sun/movie_400
193	name	http://ml1m-sun/movie_193
239	name	http://ml1m-sun/movie_239
948	name	http://ml1m-sun/movie_948
912	name	http://ml1m-sun/movie_912
644	name	http://ml1m-sun/movie_644
881	name	http://ml1m-sun/movie_881
1518	name	http://ml1m-sun/movie_1518
677	name	http://ml1m-sun/movie_677
1221	name	http://ml1m-sun/movie_1221
1234	name	http://ml1m-sun/movie_1234
835	name	http://ml1m-sun/movie_835
264	name	http://ml1m-sun/movie_264
373	name	http://ml1m-sun/movie_373
664	name	http://ml1m-sun/movie_664
309	name	http://ml1m-sun/movie_309
1019	name	http://ml1m-sun/movie_1019
1215	name	http://ml1m-sun/movie_1215
1586	name	http://ml1m-sun/movie_1586
713	name	http://ml1m-sun/movie_713
343	name	http://ml1m-sun/movie_343
867	name	http://ml1m-sun/movie_867
133	name	http://ml1m-sun/movie_133
137	name	http://ml1m-sun/movie_137
755	name	http://ml1m-sun/movie_755
1261	name	http://ml1m-sun/movie_1261
615	name	http://ml1m-sun/movie_615
420	name	http://ml1m-sun/movie_420
586	name	http://ml1m-sun/movie_586
670	name	http://ml1m-sun/movie_670
1142	name	http://ml1m-sun/movie_1142
166	name	http://ml1m-sun/movie_166
1038	name	http://ml1m-sun/movie_1038
444	name	http://ml1m-sun/movie_444
1238	name	http://ml1m-sun/movie_1238
538	name	http://ml1m-sun/movie_538
495	name	http://ml1m-sun/movie_495
542	name	http://ml1m-sun/movie_542
405	name	http://ml1m-sun/movie_405
829	name	http://ml1m-sun/movie_829
130	name	http://ml1m-sun/movie_130
1621	name	http://ml1m-sun/movie_1621
643	name	http://ml1m-sun/movie_643
1545	name	http://ml1m-sun/movie_1545
1084	name	http://ml1m-sun/movie_1084
1136	name	http://ml1m-sun/movie_1136
1287	name	http://ml1m-sun/movie_1287
338	name	http://ml1m-sun/movie_338
1572	name	http://ml1m-sun/movie_1572
204	name	http://ml1m-sun/movie_204
540	name	http://ml1m-sun/movie_540
164	name	http://ml1m-sun/movie_164
513	name	http://ml1m-sun/movie_513
1164	name	http://ml1m-sun/movie_1164
437	name	http://ml1m-sun/movie_437
580	name	http://ml1m-sun/movie_580
1016	name	http://ml1m-sun/movie_1016
1072	name	http://ml1m-sun/movie_1072
220	name	http://ml1m-sun/movie_220
1165	name	http://ml1m-sun/movie_1165
907	name	http://ml1m-sun/movie_907
1152	name	http://ml1m-sun/movie_1152
235	name	http://ml1m-sun/movie_235
480	name	http://ml1m-sun/movie_480
461	name	http://ml1m-sun/movie_461
651	name	http://ml1m-sun/movie_651
81	name	http://ml1m-sun/movie_81
9	name	http://ml1m-sun/movie_9
528	name	http://ml1m-sun/movie_528
1047	name	http://ml1m-sun/movie_1047
1256	name	http://ml1m-sun/movie_1256
310	name	http://ml1m-sun/movie_310
693	name	http://ml1m-sun/movie_693
1556	name	http://ml1m-sun/movie_1556
1077	name	http://ml1m-sun/movie_1077
1382	name	http://ml1m-sun/movie_1382
927	name	http://ml1m-sun/movie_927
279	name	http://ml1m-sun/movie_279
1361	name	http://ml1m-sun/movie_1361
58	name	http://ml1m-sun/movie_58
775	name	http://ml1m-sun/movie_775
515	name	http://ml1m-sun/movie_515
506	name	http://ml1m-sun/movie_506
905	name	http://ml1m-sun/movie_905
473	name	http://ml1m-sun/movie_473
1252	name	http://ml1m-sun/movie_1252
1229	name	http://ml1m-sun/movie_1229
1660	name	http://ml1m-sun/movie_1660
458	name	http://ml1m-sun/movie_458
1102	name	http://ml1m-sun/movie_1102
1344	name	http://ml1m-sun/movie_1344
145	name	http://ml1m-sun/movie_145
143	name	http://ml1m-sun/movie_143
597	name	http://ml1m-sun/movie_597
937	name	http://ml1m-sun/movie_937
112	name	http://ml1m-sun/movie_112
625	name	http://ml1m-sun/movie_625
190	name	http://ml1m-sun/movie_190
1469	name	http://ml1m-sun/movie_1469
860	name	http://ml1m-sun/movie_860
1057	name	http://ml1m-sun/movie_1057
1324	name	http://ml1m-sun/movie_1324
563	name	http://ml1m-sun/movie_563
1476	name	http://ml1m-sun/movie_1476
388	name	http://ml1m-sun/movie_388
1645	name	http://ml1m-sun/movie_1645
534	name	http://ml1m-sun/movie_534
72	name	http://ml1m-sun/movie_72
330	name	http://ml1m-sun/movie_330
95	name	http://ml1m-sun/movie_95
111	name	http://ml1m-sun/movie_111
1003	name	http://ml1m-sun/movie_1003
1052	name	http://ml1m-sun/movie_1052
327	name	http://ml1m-sun/movie_327
699	name	http://ml1m-sun/movie_699
727	name	http://ml1m-sun/movie_727
131	name	http://ml1m-sun/movie_131
1396	name	http://ml1m-sun/movie_1396
785	name	http://ml1m-sun/movie_785
478	name	http://ml1m-sun/movie_478
1200	name	http://ml1m-sun/movie_1200
1306	name	http://ml1m-sun/movie_1306
318	name	http://ml1m-sun/movie_318
1089	name	http://ml1m-sun/movie_1089
525	name	http://ml1m-sun/movie_525
1502	name	http://ml1m-sun/movie_1502
304	name	http://ml1m-sun/movie_304
1475	name	http://ml1m-sun/movie_1475
1199	name	http://ml1m-sun/movie_1199
1297	name	http://ml1m-sun/movie_1297
933	name	http://ml1m-sun/movie_933
778	name	http://ml1m-sun/movie_778
364	name	http://ml1m-sun/movie_364
745	name	http://ml1m-sun/movie_745
1103	name	http://ml1m-sun/movie_1103
730	name	http://ml1m-sun/movie_730
1100	name	http://ml1m-sun/movie_1100
620	name	http://ml1m-sun/movie_620
1352	name	http://ml1m-sun/movie_1352
43	name	http://ml1m-sun/movie_43
837	name	http://ml1m-sun/movie_837
888	name	http://ml1m-sun/movie_888
38	name	http://ml1m-sun/movie_38
1631	name	http://ml1m-sun/movie_1631
431	name	http://ml1m-sun/movie_431
592	name	http://ml1m-sun/movie_592
1435	name	http://ml1m-sun/movie_1435
1137	name	http://ml1m-sun/movie_1137
1471	name	http://ml1m-sun/movie_1471
1571	name	http://ml1m-sun/movie_1571
383	name	http://ml1m-sun/movie_383
60	name	http://ml1m-sun/movie_60
1300	name	http://ml1m-sun/movie_1300
922	name	http://ml1m-sun/movie_922
797	name	http://ml1m-sun/movie_797
1245	name	http://ml1m-sun/movie_1245
720	name	http://ml1m-sun/movie_720
1195	name	http://ml1m-sun/movie_1195
956	name	http://ml1m-sun/movie_956
1320	name	http://ml1m-sun/movie_1320
1033	name	http://ml1m-sun/movie_1033
99	name	http://ml1m-sun/movie_99
628	name	http://ml1m-sun/movie_628
345	name	http://ml1m-sun/movie_345
736	name	http://ml1m-sun/movie_736
171	name	http://ml1m-sun/movie_171
139	name	http://ml1m-sun/movie_139
100	name	http://ml1m-sun/movie_100
932	name	http://ml1m-sun/movie_932
1443	name	http://ml1m-sun/movie_1443
886	name	http://ml1m-sun/movie_886
1290	name	http://ml1m-sun/movie_1290
610	name	http://ml1m-sun/movie_610
255	name	http://ml1m-sun/movie_255
816	name	http://ml1m-sun/movie_816
292	name	http://ml1m-sun/movie_292
1576	name	http://ml1m-sun/movie_1576
1156	name	http://ml1m-sun/movie_1156
70	name	http://ml1m-sun/movie_70
12	name	http://ml1m-sun/movie_12
627	name	http://ml1m-sun/movie_627
1007	name	http://ml1m-sun/movie_1007
759	name	http://ml1m-sun/movie_759
299	name	http://ml1m-sun/movie_299
1343	name	http://ml1m-sun/movie_1343
1041	name	http://ml1m-sun/movie_1041
1349	name	http://ml1m-sun/movie_1349
1342	name	http://ml1m-sun/movie_1342
1130	name	http://ml1m-sun/movie_1130
1480	name	http://ml1m-sun/movie_1480
1385	name	http://ml1m-sun/movie_1385
1122	name	http://ml1m-sun/movie_1122
357	name	http://ml1m-sun/movie_357
1516	name	http://ml1m-sun/movie_1516
123	name	http://ml1m-sun/movie_123
201	name	http://ml1m-sun/movie_201
365	name	http://ml1m-sun/movie_365
1143	name	http://ml1m-sun/movie_1143
991	name	http://ml1m-sun/movie_991
581	name	http://ml1m-sun/movie_581
1231	name	http://ml1m-sun/movie_1231
783	name	http://ml1m-sun/movie_783
212	name	http://ml1m-sun/movie_212
873	name	http://ml1m-sun/movie_873
928	name	http://ml1m-sun/movie_928
1521	name	http://ml1m-sun/movie_1521
1348	name	http://ml1m-sun/movie_1348
539	name	http://ml1m-sun/movie_539
1179	name	http://ml1m-sun/movie_1179
1427	name	http://ml1m-sun/movie_1427
593	name	http://ml1m-sun/movie_593
1549	name	http://ml1m-sun/movie_1549
653	name	http://ml1m-sun/movie_653
1577	name	http://ml1m-sun/movie_1577
825	name	http://ml1m-sun/movie_825
134	name	http://ml1m-sun/movie_134
1205	name	http://ml1m-sun/movie_1205
56	name	http://ml1m-sun/movie_56
690	name	http://ml1m-sun/movie_690
1160	name	http://ml1m-sun/movie_1160
416	name	http://ml1m-sun/movie_416
1410	name	http://ml1m-sun/movie_1410
800	name	http://ml1m-sun/movie_800
973	name	http://ml1m-sun/movie_973
107	name	http://ml1m-sun/movie_107
1558	name	http://ml1m-sun/movie_1558
359	name	http://ml1m-sun/movie_359
821	name	http://ml1m-sun/movie_821
769	name	http://ml1m-sun/movie_769
1391	name	http://ml1m-sun/movie_1391
207	name	http://ml1m-sun/movie_207
1120	name	http://ml1m-sun/movie_1120
1517	name	http://ml1m-sun/movie_1517
1209	name	http://ml1m-sun/movie_1209
1171	name	http://ml1m-sun/movie_1171
1445	name	http://ml1m-sun/movie_1445
718	name	http://ml1m-sun/movie_718
519	name	http://ml1m-sun/movie_519
1059	name	http://ml1m-sun/movie_1059
119	name	http://ml1m-sun/movie_119
484	name	http://ml1m-sun/movie_484
387	name	http://ml1m-sun/movie_387
507	name	http://ml1m-sun/movie_507
153	name	http://ml1m-sun/movie_153
1117	name	http://ml1m-sun/movie_1117
989	name	http://ml1m-sun/movie_989
1026	name	http://ml1m-sun/movie_1026
1106	name	http://ml1m-sun/movie_1106
492	name	http://ml1m-sun/movie_492
404	name	http://ml1m-sun/movie_404
1503	name	http://ml1m-sun/movie_1503
110	name	http://ml1m-sun/movie_110
467	name	http://ml1m-sun/movie_467
1678	name	http://ml1m-sun/movie_1678
68	name	http://ml1m-sun/movie_68
1587	name	http://ml1m-sun/movie_1587
1153	name	http://ml1m-sun/movie_1153
1430	name	http://ml1m-sun/movie_1430
102	name	http://ml1m-sun/movie_102
870	name	http://ml1m-sun/movie_870
961	name	http://ml1m-sun/movie_961
555	name	http://ml1m-sun/movie_555
1337	name	http://ml1m-sun/movie_1337
63	name	http://ml1m-sun/movie_63
1189	name	http://ml1m-sun/movie_1189
439	name	http://ml1m-sun/movie_439
526	name	http://ml1m-sun/movie_526
631	name	http://ml1m-sun/movie_631
335	name	http://ml1m-sun/movie_335
743	name	http://ml1m-sun/movie_743
253	name	http://ml1m-sun/movie_253
1400	name	http://ml1m-sun/movie_1400
158	name	http://ml1m-sun/movie_158
1363	name	http://ml1m-sun/movie_1363
483	name	http://ml1m-sun/movie_483
993	name	http://ml1m-sun/movie_993
268	name	http://ml1m-sun/movie_268
687	name	http://ml1m-sun/movie_687
116	name	http://ml1m-sun/movie_116
1113	name	http://ml1m-sun/movie_1113
637	name	http://ml1m-sun/movie_637
1519	name	http://ml1m-sun/movie_1519
560	name	http://ml1m-sun/movie_560
497	name	http://ml1m-sun/movie_497
289	name	http://ml1m-sun/movie_289
1413	name	http://ml1m-sun/movie_1413
1535	name	http://ml1m-sun/movie_1535
86	name	http://ml1m-sun/movie_86
1409	name	http://ml1m-sun/movie_1409
1336	name	http://ml1m-sun/movie_1336
1548	name	http://ml1m-sun/movie_1548
293	name	http://ml1m-sun/movie_293
980	name	http://ml1m-sun/movie_980
1431	name	http://ml1m-sun/movie_1431
1553	name	http://ml1m-sun/movie_1553
714	name	http://ml1m-sun/movie_714
376	name	http://ml1m-sun/movie_376
1484	name	http://ml1m-sun/movie_1484
1175	name	http://ml1m-sun/movie_1175
1278	name	http://ml1m-sun/movie_1278
1638	name	http://ml1m-sun/movie_1638
252	name	http://ml1m-sun/movie_252
632	name	http://ml1m-sun/movie_632
1360	name	http://ml1m-sun/movie_1360
321	name	http://ml1m-sun/movie_321
722	name	http://ml1m-sun/movie_722
582	name	http://ml1m-sun/movie_582
1133	name	http://ml1m-sun/movie_1133
1371	name	http://ml1m-sun/movie_1371
1482	name	http://ml1m-sun/movie_1482
866	name	http://ml1m-sun/movie_866
106	name	http://ml1m-sun/movie_106
154	name	http://ml1m-sun/movie_154
109	name	http://ml1m-sun/movie_109
329	name	http://ml1m-sun/movie_329
566	name	http://ml1m-sun/movie_566
1633	name	http://ml1m-sun/movie_1633
1284	name	http://ml1m-sun/movie_1284
49	name	http://ml1m-sun/movie_49
986	name	http://ml1m-sun/movie_986
701	name	http://ml1m-sun/movie_701
1628	name	http://ml1m-sun/movie_1628
1222	name	http://ml1m-sun/movie_1222
1259	name	http://ml1m-sun/movie_1259
249	name	http://ml1m-sun/movie_249
1552	name	http://ml1m-sun/movie_1552
347	name	http://ml1m-sun/movie_347
367	name	http://ml1m-sun/movie_367
569	name	http://ml1m-sun/movie_569
647	name	http://ml1m-sun/movie_647
1327	name	http://ml1m-sun/movie_1327
342	name	http://ml1m-sun/movie_342
584	name	http://ml1m-sun/movie_584
296	name	http://ml1m-sun/movie_296
510	name	http://ml1m-sun/movie_510
1316	name	http://ml1m-sun/movie_1316
1428	name	http://ml1m-sun/movie_1428
766	name	http://ml1m-sun/movie_766
1207	name	http://ml1m-sun/movie_1207
1653	name	http://ml1m-sun/movie_1653
1157	name	http://ml1m-sun/movie_1157
36	name	http://ml1m-sun/movie_36
796	name	http://ml1m-sun/movie_796
1163	name	http://ml1m-sun/movie_1163
200	name	http://ml1m-sun/movie_200
1240	name	http://ml1m-sun/movie_1240
607	name	http://ml1m-sun/movie_607
1364	name	http://ml1m-sun/movie_1364
1648	name	http://ml1m-sun/movie_1648
908	name	http://ml1m-sun/movie_908
1493	name	http://ml1m-sun/movie_1493
462	name	http://ml1m-sun/movie_462
149	name	http://ml1m-sun/movie_149
1501	name	http://ml1m-sun/movie_1501
1268	name	http://ml1m-sun/movie_1268
649	name	http://ml1m-sun/movie_649
949	name	http://ml1m-sun/movie_949
547	name	http://ml1m-sun/movie_547
1530	name	http://ml1m-sun/movie_1530
108	name	http://ml1m-sun/movie_108
1053	name	http://ml1m-sun/movie_1053
1187	name	http://ml1m-sun/movie_1187
426	name	http://ml1m-sun/movie_426
570	name	http://ml1m-sun/movie_570
887	name	http://ml1m-sun/movie_887
1028	name	http://ml1m-sun/movie_1028
564	name	http://ml1m-sun/movie_564
323	name	http://ml1m-sun/movie_323
898	name	http://ml1m-sun/movie_898
1326	name	http://ml1m-sun/movie_1326
1254	name	http://ml1m-sun/movie_1254
346	name	http://ml1m-sun/movie_346
1534	name	http://ml1m-sun/movie_1534
1620	name	http://ml1m-sun/movie_1620
1570	name	http://ml1m-sun/movie_1570
457	name	http://ml1m-sun/movie_457
472	name	http://ml1m-sun/movie_472
833	name	http://ml1m-sun/movie_833
403	name	http://ml1m-sun/movie_403
223	name	http://ml1m-sun/movie_223
498	name	http://ml1m-sun/movie_498
1225	name	http://ml1m-sun/movie_1225
1260	name	http://ml1m-sun/movie_1260
1251	name	http://ml1m-sun/movie_1251
982	name	http://ml1m-sun/movie_982
1301	name	http://ml1m-sun/movie_1301
1135	name	http://ml1m-sun/movie_1135
1273	name	http://ml1m-sun/movie_1273
1433	name	http://ml1m-sun/movie_1433
1233	name	http://ml1m-sun/movie_1233
87	name	http://ml1m-sun/movie_87
858	name	http://ml1m-sun/movie_858
1495	name	http://ml1m-sun/movie_1495
604	name	http://ml1m-sun/movie_604
1128	name	http://ml1m-sun/movie_1128
152	name	http://ml1m-sun/movie_152
175	name	http://ml1m-sun/movie_175
889	name	http://ml1m-sun/movie_889
977	name	http://ml1m-sun/movie_977
1522	name	http://ml1m-sun/movie_1522
1253	name	http://ml1m-sun/movie_1253
1304	name	http://ml1m-sun/movie_1304
1491	name	http://ml1m-sun/movie_1491
767	name	http://ml1m-sun/movie_767
1550	name	http://ml1m-sun/movie_1550
1302	name	http://ml1m-sun/movie_1302
182	name	http://ml1m-sun/movie_182
1414	name	http://ml1m-sun/movie_1414
33	name	http://ml1m-sun/movie_33
1250	name	http://ml1m-sun/movie_1250
1562	name	http://ml1m-sun/movie_1562
669	name	http://ml1m-sun/movie_669
1036	name	http://ml1m-sun/movie_1036
1277	name	http://ml1m-sun/movie_1277
1008	name	http://ml1m-sun/movie_1008
1528	name	http://ml1m-sun/movie_1528
423	name	http://ml1m-sun/movie_423
459	name	http://ml1m-sun/movie_459
186	name	http://ml1m-sun/movie_186
658	name	http://ml1m-sun/movie_658
559	name	http://ml1m-sun/movie_559
1073	name	http://ml1m-sun/movie_1073
1540	name	http://ml1m-sun/movie_1540
1282	name	http://ml1m-sun/movie_1282
399	name	http://ml1m-sun/movie_399
20	name	http://ml1m-sun/movie_20
831	name	http://ml1m-sun/movie_831
69	name	http://ml1m-sun/movie_69
662	name	http://ml1m-sun/movie_662
916	name	http://ml1m-sun/movie_916
1295	name	http://ml1m-sun/movie_1295
1579	name	http://ml1m-sun/movie_1579
1418	name	http://ml1m-sun/movie_1418
214	name	http://ml1m-sun/movie_214
1478	name	http://ml1m-sun/movie_1478
168	name	http://ml1m-sun/movie_168
1044	name	http://ml1m-sun/movie_1044
1423	name	http://ml1m-sun/movie_1423
178	name	http://ml1m-sun/movie_178
696	name	http://ml1m-sun/movie_696
1504	name	http://ml1m-sun/movie_1504
1546	name	http://ml1m-sun/movie_1546
30	name	http://ml1m-sun/movie_30
1021	name	http://ml1m-sun/movie_1021
1198	name	http://ml1m-sun/movie_1198
1271	name	http://ml1m-sun/movie_1271
1184	name	http://ml1m-sun/movie_1184
530	name	http://ml1m-sun/movie_530
489	name	http://ml1m-sun/movie_489
1520	name	http://ml1m-sun/movie_1520
481	name	http://ml1m-sun/movie_481
127	name	http://ml1m-sun/movie_127
256	name	http://ml1m-sun/movie_256
397	name	http://ml1m-sun/movie_397
1597	name	http://ml1m-sun/movie_1597
1675	name	http://ml1m-sun/movie_1675
1181	name	http://ml1m-sun/movie_1181
1206	name	http://ml1m-sun/movie_1206
1388	name	http://ml1m-sun/movie_1388
900	name	http://ml1m-sun/movie_900
241	name	http://ml1m-sun/movie_241
1228	name	http://ml1m-sun/movie_1228
694	name	http://ml1m-sun/movie_694
1042	name	http://ml1m-sun/movie_1042
642	name	http://ml1m-sun/movie_642
1155	name	http://ml1m-sun/movie_1155
1647	name	http://ml1m-sun/movie_1647
936	name	http://ml1m-sun/movie_936
250	name	http://ml1m-sun/movie_250
1190	name	http://ml1m-sun/movie_1190
432	name	http://ml1m-sun/movie_432
702	name	http://ml1m-sun/movie_702
3	name	http://ml1m-sun/movie_3
1088	name	http://ml1m-sun/movie_1088
1138	name	http://ml1m-sun/movie_1138
31	name	http://ml1m-sun/movie_31
1024	name	http://ml1m-sun/movie_1024
361	name	http://ml1m-sun/movie_361
909	name	http://ml1m-sun/movie_909
1242	name	http://ml1m-sun/movie_1242
843	name	http://ml1m-sun/movie_843
177	name	http://ml1m-sun/movie_177
846	name	http://ml1m-sun/movie_846
280	name	http://ml1m-sun/movie_280
997	name	http://ml1m-sun/movie_997
1035	name	http://ml1m-sun/movie_1035
427	name	http://ml1m-sun/movie_427
795	name	http://ml1m-sun/movie_795
34	name	http://ml1m-sun/movie_34
1500	name	http://ml1m-sun/movie_1500
1107	name	http://ml1m-sun/movie_1107
1623	name	http://ml1m-sun/movie_1623
8	name	http://ml1m-sun/movie_8
1023	name	http://ml1m-sun/movie_1023
1680	name	http://ml1m-sun/movie_1680
1397	name	http://ml1m-sun/movie_1397
522	name	http://ml1m-sun/movie_522
1305	name	http://ml1m-sun/movie_1305
1392	name	http://ml1m-sun/movie_1392
1046	name	http://ml1m-sun/movie_1046
477	name	http://ml1m-sun/movie_477
217	name	http://ml1m-sun/movie_217
1665	name	http://ml1m-sun/movie_1665
1381	name	http://ml1m-sun/movie_1381
1091	name	http://ml1m-sun/movie_1091
663	name	http://ml1m-sun/movie_663
1031	name	http://ml1m-sun/movie_1031
1299	name	http://ml1m-sun/movie_1299
93	name	http://ml1m-sun/movie_93
1308	name	http://ml1m-sun/movie_1308
1373	name	http://ml1m-sun/movie_1373
1096	name	http://ml1m-sun/movie_1096
219	name	http://ml1m-sun/movie_219
744	name	http://ml1m-sun/movie_744
248	name	http://ml1m-sun/movie_248
124	name	http://ml1m-sun/movie_124
709	name	http://ml1m-sun/movie_709
587	name	http://ml1m-sun/movie_587
708	name	http://ml1m-sun/movie_708
579	name	http://ml1m-sun/movie_579
798	name	http://ml1m-sun/movie_798
1345	name	http://ml1m-sun/movie_1345
1331	name	http://ml1m-sun/movie_1331
297	name	http://ml1m-sun/movie_297
406	name	http://ml1m-sun/movie_406
1148	name	http://ml1m-sun/movie_1148
1214	name	http://ml1m-sun/movie_1214
1178	name	http://ml1m-sun/movie_1178
1594	name	http://ml1m-sun/movie_1594
895	name	http://ml1m-sun/movie_895
1673	name	http://ml1m-sun/movie_1673
779	name	http://ml1m-sun/movie_779
1376	name	http://ml1m-sun/movie_1376
163	name	http://ml1m-sun/movie_163
990	name	http://ml1m-sun/movie_990
90	name	http://ml1m-sun/movie_90
53	name	http://ml1m-sun/movie_53
571	name	http://ml1m-sun/movie_571
45	name	http://ml1m-sun/movie_45
276	name	http://ml1m-sun/movie_276
1095	name	http://ml1m-sun/movie_1095
851	name	http://ml1m-sun/movie_851
618	name	http://ml1m-sun/movie_618
711	name	http://ml1m-sun/movie_711
1604	name	http://ml1m-sun/movie_1604
960	name	http://ml1m-sun/movie_960
981	name	http://ml1m-sun/movie_981
1356	name	http://ml1m-sun/movie_1356
61	name	http://ml1m-sun/movie_61
455	name	http://ml1m-sun/movie_455
820	name	http://ml1m-sun/movie_820
47	name	http://ml1m-sun/movie_47
278	name	http://ml1m-sun/movie_278
551	name	http://ml1m-sun/movie_551
1335	name	http://ml1m-sun/movie_1335
269	name	http://ml1m-sun/movie_269
703	name	http://ml1m-sun/movie_703
951	name	http://ml1m-sun/movie_951
51	name	http://ml1m-sun/movie_51
1474	name	http://ml1m-sun/movie_1474
1449	name	http://ml1m-sun/movie_1449
355	name	http://ml1m-sun/movie_355
1436	name	http://ml1m-sun/movie_1436
794	name	http://ml1m-sun/movie_794
122	name	http://ml1m-sun/movie_122
150	name	http://ml1m-sun/movie_150
1220	name	http://ml1m-sun/movie_1220
66	name	http://ml1m-sun/movie_66
1286	name	http://ml1m-sun/movie_1286
1334	name	http://ml1m-sun/movie_1334
674	name	http://ml1m-sun/movie_674
39	name	http://ml1m-sun/movie_39
1682	name	http://ml1m-sun/movie_1682
1437	name	http://ml1m-sun/movie_1437
1014	name	http://ml1m-sun/movie_1014
245	name	http://ml1m-sun/movie_245
1092	name	http://ml1m-sun/movie_1092
919	name	http://ml1m-sun/movie_919
954	name	http://ml1m-sun/movie_954
307	name	http://ml1m-sun/movie_307
446	name	http://ml1m-sun/movie_446
231	name	http://ml1m-sun/movie_231
966	name	http://ml1m-sun/movie_966
1613	name	http://ml1m-sun/movie_1613
723	name	http://ml1m-sun/movie_723
356	name	http://ml1m-sun/movie_356
652	name	http://ml1m-sun/movie_652
1497	name	http://ml1m-sun/movie_1497
996	name	http://ml1m-sun/movie_996
225	name	http://ml1m-sun/movie_225
935	name	http://ml1m-sun/movie_935
1564	name	http://ml1m-sun/movie_1564
1529	name	http://ml1m-sun/movie_1529
883	name	http://ml1m-sun/movie_883
381	name	http://ml1m-sun/movie_381
254	name	http://ml1m-sun/movie_254
920	name	http://ml1m-sun/movie_920
856	name	http://ml1m-sun/movie_856
880	name	http://ml1m-sun/movie_880
369	name	http://ml1m-sun/movie_369
288	name	http://ml1m-sun/movie_288
1599	name	http://ml1m-sun/movie_1599
1309	name	http://ml1m-sun/movie_1309
380	name	http://ml1m-sun/movie_380
773	name	http://ml1m-sun/movie_773
1201	name	http://ml1m-sun/movie_1201
371	name	http://ml1m-sun/movie_371
918	name	http://ml1m-sun/movie_918
1654	name	http://ml1m-sun/movie_1654
83	name	http://ml1m-sun/movie_83
891	name	http://ml1m-sun/movie_891
1487	name	http://ml1m-sun/movie_1487
717	name	http://ml1m-sun/movie_717
815	name	http://ml1m-sun/movie_815
941	name	http://ml1m-sun/movie_941
447	name	http://ml1m-sun/movie_447
1415	name	http://ml1m-sun/movie_1415
215	name	http://ml1m-sun/movie_215
1681	name	http://ml1m-sun/movie_1681
1609	name	http://ml1m-sun/movie_1609
524	name	http://ml1m-sun/movie_524
1634	name	http://ml1m-sun/movie_1634
206	name	http://ml1m-sun/movie_206
603	name	http://ml1m-sun/movie_603
1110	name	http://ml1m-sun/movie_1110
985	name	http://ml1m-sun/movie_985
1118	name	http://ml1m-sun/movie_1118
746	name	http://ml1m-sun/movie_746
810	name	http://ml1m-sun/movie_810
1154	name	http://ml1m-sun/movie_1154
1378	name	http://ml1m-sun/movie_1378
46	name	http://ml1m-sun/movie_46
558	name	http://ml1m-sun/movie_558
324	name	http://ml1m-sun/movie_324
1557	name	http://ml1m-sun/movie_1557
1614	name	http://ml1m-sun/movie_1614
712	name	http://ml1m-sun/movie_712
1383	name	http://ml1m-sun/movie_1383
969	name	http://ml1m-sun/movie_969
731	name	http://ml1m-sun/movie_731
71	name	http://ml1m-sun/movie_71
884	name	http://ml1m-sun/movie_884
1411	name	http://ml1m-sun/movie_1411
1010	name	http://ml1m-sun/movie_1010
591	name	http://ml1m-sun/movie_591
616	name	http://ml1m-sun/movie_616
562	name	http://ml1m-sun/movie_562
893	name	http://ml1m-sun/movie_893
1649	name	http://ml1m-sun/movie_1649
606	name	http://ml1m-sun/movie_606
1340	name	http://ml1m-sun/movie_1340
638	name	http://ml1m-sun/movie_638
496	name	http://ml1m-sun/movie_496
684	name	http://ml1m-sun/movie_684
803	name	http://ml1m-sun/movie_803
184	name	http://ml1m-sun/movie_184
1662	name	http://ml1m-sun/movie_1662
657	name	http://ml1m-sun/movie_657
1167	name	http://ml1m-sun/movie_1167
830	name	http://ml1m-sun/movie_830
683	name	http://ml1m-sun/movie_683
1559	name	http://ml1m-sun/movie_1559
1	name	http://ml1m-sun/movie_1
527	name	http://ml1m-sun/movie_527
479	name	http://ml1m-sun/movie_479
568	name	http://ml1m-sun/movie_568
621	name	http://ml1m-sun/movie_621
634	name	http://ml1m-sun/movie_634
1318	name	http://ml1m-sun/movie_1318
535	name	http://ml1m-sun/movie_535
1473	name	http://ml1m-sun/movie_1473
1070	name	http://ml1m-sun/movie_1070
1017	name	http://ml1m-sun/movie_1017
1208	name	http://ml1m-sun/movie_1208
76	name	http://ml1m-sun/movie_76
316	name	http://ml1m-sun/movie_316
518	name	http://ml1m-sun/movie_518
1285	name	http://ml1m-sun/movie_1285
879	name	http://ml1m-sun/movie_879
1461	name	http://ml1m-sun/movie_1461
221	name	http://ml1m-sun/movie_221
1265	name	http://ml1m-sun/movie_1265
955	name	http://ml1m-sun/movie_955
1458	name	http://ml1m-sun/movie_1458
395	name	http://ml1m-sun/movie_395
826	name	http://ml1m-sun/movie_826
1668	name	http://ml1m-sun/movie_1668
864	name	http://ml1m-sun/movie_864
1506	name	http://ml1m-sun/movie_1506
557	name	http://ml1m-sun/movie_557
1022	name	http://ml1m-sun/movie_1022
752	name	http://ml1m-sun/movie_752
157	name	http://ml1m-sun/movie_157
274	name	http://ml1m-sun/movie_274
1067	name	http://ml1m-sun/movie_1067
532	name	http://ml1m-sun/movie_532
1094	name	http://ml1m-sun/movie_1094
583	name	http://ml1m-sun/movie_583
407	name	http://ml1m-sun/movie_407
910	name	http://ml1m-sun/movie_910
270	name	http://ml1m-sun/movie_270
1555	name	http://ml1m-sun/movie_1555
707	name	http://ml1m-sun/movie_707
520	name	http://ml1m-sun/movie_520
678	name	http://ml1m-sun/movie_678
260	name	http://ml1m-sun/movie_260
180	name	http://ml1m-sun/movie_180
1355	name	http://ml1m-sun/movie_1355
1643	name	http://ml1m-sun/movie_1643
1514	name	http://ml1m-sun/movie_1514
868	name	http://ml1m-sun/movie_868
1592	name	http://ml1m-sun/movie_1592
32	name	http://ml1m-sun/movie_32
952	name	http://ml1m-sun/movie_952
619	name	http://ml1m-sun/movie_619
629	name	http://ml1m-sun/movie_629
1279	name	http://ml1m-sun/movie_1279
854	name	http://ml1m-sun/movie_854
959	name	http://ml1m-sun/movie_959
561	name	http://ml1m-sun/movie_561
451	name	http://ml1m-sun/movie_451
757	name	http://ml1m-sun/movie_757
523	name	http://ml1m-sun/movie_523
896	name	http://ml1m-sun/movie_896
1488	name	http://ml1m-sun/movie_1488
1328	name	http://ml1m-sun/movie_1328
1054	name	http://ml1m-sun/movie_1054
5	name	http://ml1m-sun/movie_5
874	name	http://ml1m-sun/movie_874
512	name	http://ml1m-sun/movie_512
132	name	http://ml1m-sun/movie_132
666	name	http://ml1m-sun/movie_666
814	name	http://ml1m-sun/movie_814
1080	name	http://ml1m-sun/movie_1080
1425	name	http://ml1m-sun/movie_1425
589	name	http://ml1m-sun/movie_589
1276	name	http://ml1m-sun/movie_1276
1421	name	http://ml1m-sun/movie_1421
1547	name	http://ml1m-sun/movie_1547
415	name	http://ml1m-sun/movie_415
224	name	http://ml1m-sun/movie_224
588	name	http://ml1m-sun/movie_588
901	name	http://ml1m-sun/movie_901
55	name	http://ml1m-sun/movie_55
541	name	http://ml1m-sun/movie_541
1523	name	http://ml1m-sun/movie_1523
487	name	http://ml1m-sun/movie_487
285	name	http://ml1m-sun/movie_285
1226	name	http://ml1m-sun/movie_1226
1029	name	http://ml1m-sun/movie_1029
1043	name	http://ml1m-sun/movie_1043
303	name	http://ml1m-sun/movie_303
876	name	http://ml1m-sun/movie_876
413	name	http://ml1m-sun/movie_413
1434	name	http://ml1m-sun/movie_1434
1417	name	http://ml1m-sun/movie_1417
290	name	http://ml1m-sun/movie_290
1050	name	http://ml1m-sun/movie_1050
1139	name	http://ml1m-sun/movie_1139
892	name	http://ml1m-sun/movie_892
849	name	http://ml1m-sun/movie_849
1086	name	http://ml1m-sun/movie_1086
445	name	http://ml1m-sun/movie_445
1541	name	http://ml1m-sun/movie_1541
1551	name	http://ml1m-sun/movie_1551
181	name	http://ml1m-sun/movie_181
411	name	http://ml1m-sun/movie_411
635	name	http://ml1m-sun/movie_635
11	name	http://ml1m-sun/movie_11
234	name	http://ml1m-sun/movie_234
671	name	http://ml1m-sun/movie_671
94	name	http://ml1m-sun/movie_94
325	name	http://ml1m-sun/movie_325
1404	name	http://ml1m-sun/movie_1404
493	name	http://ml1m-sun/movie_493
433	name	http://ml1m-sun/movie_433
22	name	http://ml1m-sun/movie_22
1412	name	http://ml1m-sun/movie_1412
1526	name	http://ml1m-sun/movie_1526
1083	name	http://ml1m-sun/movie_1083
195	name	http://ml1m-sun/movie_195
594	name	http://ml1m-sun/movie_594
682	name	http://ml1m-sun/movie_682
1065	name	http://ml1m-sun/movie_1065
1566	name	http://ml1m-sun/movie_1566
378	name	http://ml1m-sun/movie_378
1374	name	http://ml1m-sun/movie_1374
899	name	http://ml1m-sun/movie_899
1180	name	http://ml1m-sun/movie_1180
417	name	http://ml1m-sun/movie_417
1027	name	http://ml1m-sun/movie_1027
1197	name	http://ml1m-sun/movie_1197
865	name	http://ml1m-sun/movie_865
454	name	http://ml1m-sun/movie_454
780	name	http://ml1m-sun/movie_780
1441	name	http://ml1m-sun/movie_1441
187	name	http://ml1m-sun/movie_187
1018	name	http://ml1m-sun/movie_1018
1405	name	http://ml1m-sun/movie_1405
1395	name	http://ml1m-sun/movie_1395
141	name	http://ml1m-sun/movie_141
334	name	http://ml1m-sun/movie_334
1060	name	http://ml1m-sun/movie_1060
784	name	http://ml1m-sun/movie_784
1350	name	http://ml1m-sun/movie_1350
573	name	http://ml1m-sun/movie_573
998	name	http://ml1m-sun/movie_998
983	name	http://ml1m-sun/movie_983
125	name	http://ml1m-sun/movie_125
1515	name	http://ml1m-sun/movie_1515
740	name	http://ml1m-sun/movie_740
1173	name	http://ml1m-sun/movie_1173
75	name	http://ml1m-sun/movie_75
1603	name	http://ml1m-sun/movie_1603
1341	name	http://ml1m-sun/movie_1341
786	name	http://ml1m-sun/movie_786
409	name	http://ml1m-sun/movie_409
732	name	http://ml1m-sun/movie_732
598	name	http://ml1m-sun/movie_598
970	name	http://ml1m-sun/movie_970
247	name	http://ml1m-sun/movie_247
232	name	http://ml1m-sun/movie_232
1311	name	http://ml1m-sun/movie_1311
213	name	http://ml1m-sun/movie_213
26	name	http://ml1m-sun/movie_26
1134	name	http://ml1m-sun/movie_1134
188	name	http://ml1m-sun/movie_188
460	name	http://ml1m-sun/movie_460
963	name	http://ml1m-sun/movie_963
1490	name	http://ml1m-sun/movie_1490
845	name	http://ml1m-sun/movie_845
1448	name	http://ml1m-sun/movie_1448
1676	name	http://ml1m-sun/movie_1676
521	name	http://ml1m-sun/movie_521
1575	name	http://ml1m-sun/movie_1575
1419	name	http://ml1m-sun/movie_1419
50	name	http://ml1m-sun/movie_50
877	name	http://ml1m-sun/movie_877
1466	name	http://ml1m-sun/movie_1466
700	name	http://ml1m-sun/movie_700
230	name	http://ml1m-sun/movie_230
64	name	http://ml1m-sun/movie_64
265	name	http://ml1m-sun/movie_265
575	name	http://ml1m-sun/movie_575
917	name	http://ml1m-sun/movie_917
1663	name	http://ml1m-sun/movie_1663
554	name	http://ml1m-sun/movie_554
242	name	http://ml1m-sun/movie_242
1492	name	http://ml1m-sun/movie_1492
1664	name	http://ml1m-sun/movie_1664
1237	name	http://ml1m-sun/movie_1237
750	name	http://ml1m-sun/movie_750
1486	name	http://ml1m-sun/movie_1486
1329	name	http://ml1m-sun/movie_1329
203	name	http://ml1m-sun/movie_203
142	name	http://ml1m-sun/movie_142
630	name	http://ml1m-sun/movie_630
1177	name	http://ml1m-sun/movie_1177
14	name	http://ml1m-sun/movie_14
640	name	http://ml1m-sun/movie_640
15	name	http://ml1m-sun/movie_15
57	name	http://ml1m-sun/movie_57
286	name	http://ml1m-sun/movie_286
1150	name	http://ml1m-sun/movie_1150
1255	name	http://ml1m-sun/movie_1255
226	name	http://ml1m-sun/movie_226
1185	name	http://ml1m-sun/movie_1185
641	name	http://ml1m-sun/movie_641
167	name	http://ml1m-sun/movie_167
1538	name	http://ml1m-sun/movie_1538
240	name	http://ml1m-sun/movie_240
728	name	http://ml1m-sun/movie_728
1264	name	http://ml1m-sun/movie_1264
412	name	http://ml1m-sun/movie_412
1182	name	http://ml1m-sun/movie_1182
1236	name	http://ml1m-sun/movie_1236
544	name	http://ml1m-sun/movie_544
962	name	http://ml1m-sun/movie_962
1004	name	http://ml1m-sun/movie_1004
442	name	http://ml1m-sun/movie_442
485	name	http://ml1m-sun/movie_485
1674	name	http://ml1m-sun/movie_1674
21	name	http://ml1m-sun/movie_21
872	name	http://ml1m-sun/movie_872
1068	name	http://ml1m-sun/movie_1068
1370	name	http://ml1m-sun/movie_1370
807	name	http://ml1m-sun/movie_807
389	name	http://ml1m-sun/movie_389
536	name	http://ml1m-sun/movie_536
377	name	http://ml1m-sun/movie_377
972	name	http://ml1m-sun/movie_972
1424	name	http://ml1m-sun/movie_1424
1661	name	http://ml1m-sun/movie_1661
834	name	http://ml1m-sun/movie_834
1140	name	http://ml1m-sun/movie_1140
52	name	http://ml1m-sun/movie_52
362	name	http://ml1m-sun/movie_362
1605	name	http://ml1m-sun/movie_1605
1512	name	http://ml1m-sun/movie_1512
1568	name	http://ml1m-sun/movie_1568
281	name	http://ml1m-sun/movie_281
1464	name	http://ml1m-sun/movie_1464
660	name	http://ml1m-sun/movie_660
1176	name	http://ml1m-sun/movie_1176
1656	name	http://ml1m-sun/movie_1656
1532	name	http://ml1m-sun/movie_1532
1367	name	http://ml1m-sun/movie_1367
1593	name	http://ml1m-sun/movie_1593
974	name	http://ml1m-sun/movie_974
1539	name	http://ml1m-sun/movie_1539
602	name	http://ml1m-sun/movie_602
113	name	http://ml1m-sun/movie_113
1235	name	http://ml1m-sun/movie_1235
1062	name	http://ml1m-sun/movie_1062
1123	name	http://ml1m-sun/movie_1123
1009	name	http://ml1m-sun/movie_1009
453	name	http://ml1m-sun/movie_453
501	name	http://ml1m-sun/movie_501
805	name	http://ml1m-sun/movie_805
1244	name	http://ml1m-sun/movie_1244
88	name	http://ml1m-sun/movie_88
968	name	http://ml1m-sun/movie_968
853	name	http://ml1m-sun/movie_853
1470	name	http://ml1m-sun/movie_1470
1637	name	http://ml1m-sun/movie_1637
1439	name	http://ml1m-sun/movie_1439
59	name	http://ml1m-sun/movie_59
1147	name	http://ml1m-sun/movie_1147
494	name	http://ml1m-sun/movie_494
716	name	http://ml1m-sun/movie_716
1188	name	http://ml1m-sun/movie_1188
1219	name	http://ml1m-sun/movie_1219
906	name	http://ml1m-sun/movie_906
675	name	http://ml1m-sun/movie_675
1108	name	http://ml1m-sun/movie_1108
410	name	http://ml1m-sun/movie_410
1524	name	http://ml1m-sun/movie_1524
202	name	http://ml1m-sun/movie_202
1193	name	http://ml1m-sun/movie_1193
4	name	http://ml1m-sun/movie_4
197	name	http://ml1m-sun/movie_197
812	name	http://ml1m-sun/movie_812
806	name	http://ml1m-sun/movie_806
379	name	http://ml1m-sun/movie_379
611	name	http://ml1m-sun/movie_611
192	name	http://ml1m-sun/movie_192
430	name	http://ml1m-sun/movie_430
1444	name	http://ml1m-sun/movie_1444
1239	name	http://ml1m-sun/movie_1239
117	name	http://ml1m-sun/movie_117
975	name	http://ml1m-sun/movie_975
809	name	http://ml1m-sun/movie_809
1063	name	http://ml1m-sun/movie_1063
1543	name	http://ml1m-sun/movie_1543
1670	name	http://ml1m-sun/movie_1670
665	name	http://ml1m-sun/movie_665
1081	name	http://ml1m-sun/movie_1081
1455	name	http://ml1m-sun/movie_1455
344	name	http://ml1m-sun/movie_344
1408	name	http://ml1m-sun/movie_1408
1578	name	http://ml1m-sun/movie_1578
1258	name	http://ml1m-sun/movie_1258
398	name	http://ml1m-sun/movie_398
655	name	http://ml1m-sun/movie_655
1622	name	http://ml1m-sun/movie_1622
1097	name	http://ml1m-sun/movie_1097
1125	name	http://ml1m-sun/movie_1125
902	name	http://ml1m-sun/movie_902
1460	name	http://ml1m-sun/movie_1460
1058	name	http://ml1m-sun/movie_1058
77	name	http://ml1m-sun/movie_77
176	name	http://ml1m-sun/movie_176
263	name	http://ml1m-sun/movie_263
1544	name	http://ml1m-sun/movie_1544
897	name	http://ml1m-sun/movie_897
1626	name	http://ml1m-sun/movie_1626
421	name	http://ml1m-sun/movie_421
1266	name	http://ml1m-sun/movie_1266
1012	name	http://ml1m-sun/movie_1012
1602	name	http://ml1m-sun/movie_1602
1116	name	http://ml1m-sun/movie_1116
1025	name	http://ml1m-sun/movie_1025
601	name	http://ml1m-sun/movie_601
1317	name	http://ml1m-sun/movie_1317
1039	name	http://ml1m-sun/movie_1039
474	name	http://ml1m-sun/movie_474
697	name	http://ml1m-sun/movie_697
251	name	http://ml1m-sun/movie_251
599	name	http://ml1m-sun/movie_599
440	name	http://ml1m-sun/movie_440
1489	name	http://ml1m-sun/movie_1489
1533	name	http://ml1m-sun/movie_1533
680	name	http://ml1m-sun/movie_680
992	name	http://ml1m-sun/movie_992
486	name	http://ml1m-sun/movie_486
1064	name	http://ml1m-sun/movie_1064
943	name	http://ml1m-sun/movie_943
979	name	http://ml1m-sun/movie_979
429	name	http://ml1m-sun/movie_429
672	name	http://ml1m-sun/movie_672
98	name	http://ml1m-sun/movie_98
1642	name	http://ml1m-sun/movie_1642
1034	name	http://ml1m-sun/movie_1034
793	name	http://ml1m-sun/movie_793
1426	name	http://ml1m-sun/movie_1426
776	name	http://ml1m-sun/movie_776
40	name	http://ml1m-sun/movie_40
1158	name	http://ml1m-sun/movie_1158
1563	name	http://ml1m-sun/movie_1563
339	name	http://ml1m-sun/movie_339
311	name	http://ml1m-sun/movie_311
16	name	http://ml1m-sun/movie_16
358	name	http://ml1m-sun/movie_358
1666	name	http://ml1m-sun/movie_1666
1650	name	http://ml1m-sun/movie_1650
1394	name	http://ml1m-sun/movie_1394
1353	name	http://ml1m-sun/movie_1353
987	name	http://ml1m-sun/movie_987
1462	name	http://ml1m-sun/movie_1462
514	name	http://ml1m-sun/movie_514
1186	name	http://ml1m-sun/movie_1186
903	name	http://ml1m-sun/movie_903
1223	name	http://ml1m-sun/movie_1223
614	name	http://ml1m-sun/movie_614
1561	name	http://ml1m-sun/movie_1561
1494	name	http://ml1m-sun/movie_1494
218	name	http://ml1m-sun/movie_218
667	name	http://ml1m-sun/movie_667
1479	name	http://ml1m-sun/movie_1479
96	name	http://ml1m-sun/movie_96
1217	name	http://ml1m-sun/movie_1217
1372	name	http://ml1m-sun/movie_1372
792	name	http://ml1m-sun/movie_792
1196	name	http://ml1m-sun/movie_1196
172	name	http://ml1m-sun/movie_172
661	name	http://ml1m-sun/movie_661
228	name	http://ml1m-sun/movie_228
1011	name	http://ml1m-sun/movie_1011
930	name	http://ml1m-sun/movie_930
822	name	http://ml1m-sun/movie_822
648	name	http://ml1m-sun/movie_648
828	name	http://ml1m-sun/movie_828
1319	name	http://ml1m-sun/movie_1319
1307	name	http://ml1m-sun/movie_1307
844	name	http://ml1m-sun/movie_844
686	name	http://ml1m-sun/movie_686
1013	name	http://ml1m-sun/movie_1013
1203	name	http://ml1m-sun/movie_1203
753	name	http://ml1m-sun/movie_753
836	name	http://ml1m-sun/movie_836
964	name	http://ml1m-sun/movie_964
306	name	http://ml1m-sun/movie_306
185	name	http://ml1m-sun/movie_185
758	name	http://ml1m-sun/movie_758
300	name	http://ml1m-sun/movie_300
654	name	http://ml1m-sun/movie_654
41	name	http://ml1m-sun/movie_41
284	name	http://ml1m-sun/movie_284
1037	name	http://ml1m-sun/movie_1037
1194	name	http://ml1m-sun/movie_1194
546	name	http://ml1m-sun/movie_546
925	name	http://ml1m-sun/movie_925
156	name	http://ml1m-sun/movie_156
396	name	http://ml1m-sun/movie_396
1071	name	http://ml1m-sun/movie_1071
273	name	http://ml1m-sun/movie_273
508	name	http://ml1m-sun/movie_508
301	name	http://ml1m-sun/movie_301
82	name	http://ml1m-sun/movie_82
418	name	http://ml1m-sun/movie_418
272	name	http://ml1m-sun/movie_272
756	name	http://ml1m-sun/movie_756
1641	name	http://ml1m-sun/movie_1641
934	name	http://ml1m-sun/movie_934
1667	name	http://ml1m-sun/movie_1667
2	name	http://ml1m-sun/movie_2
189	name	http://ml1m-sun/movie_189
685	name	http://ml1m-sun/movie_685
859	name	http://ml1m-sun/movie_859
733	name	http://ml1m-sun/movie_733
942	name	http://ml1m-sun/movie_942
1269	name	http://ml1m-sun/movie_1269
170	name	http://ml1m-sun/movie_170
742	name	http://ml1m-sun/movie_742
1652	name	http://ml1m-sun/movie_1652
67	name	http://ml1m-sun/movie_67
1227	name	http://ml1m-sun/movie_1227
1569	name	http://ml1m-sun/movie_1569
312	name	http://ml1m-sun/movie_312
151	name	http://ml1m-sun/movie_151
363	name	http://ml1m-sun/movie_363
1582	name	http://ml1m-sun/movie_1582
1616	name	http://ml1m-sun/movie_1616
259	name	http://ml1m-sun/movie_259
1126	name	http://ml1m-sun/movie_1126
639	name	http://ml1m-sun/movie_639
35	name	http://ml1m-sun/movie_35
19	name	http://ml1m-sun/movie_19
1144	name	http://ml1m-sun/movie_1144
1211	name	http://ml1m-sun/movie_1211
1612	name	http://ml1m-sun/movie_1612
1452	name	http://ml1m-sun/movie_1452
1323	name	http://ml1m-sun/movie_1323
147	name	http://ml1m-sun/movie_147
1213	name	http://ml1m-sun/movie_1213
762	name	http://ml1m-sun/movie_762
695	name	http://ml1m-sun/movie_695
1639	name	http://ml1m-sun/movie_1639
468	name	http://ml1m-sun/movie_468
105	name	http://ml1m-sun/movie_105
926	name	http://ml1m-sun/movie_926
799	name	http://ml1m-sun/movie_799
529	name	http://ml1m-sun/movie_529
1429	name	http://ml1m-sun/movie_1429
790	name	http://ml1m-sun/movie_790
768	name	http://ml1m-sun/movie_768
222	name	http://ml1m-sun/movie_222
28	name	http://ml1m-sun/movie_28
476	name	http://ml1m-sun/movie_476
1511	name	http://ml1m-sun/movie_1511
490	name	http://ml1m-sun/movie_490
1629	name	http://ml1m-sun/movie_1629
196	name	http://ml1m-sun/movie_196
1362	name	http://ml1m-sun/movie_1362
208	name	http://ml1m-sun/movie_208
1432	name	http://ml1m-sun/movie_1432
1527	name	http://ml1m-sun/movie_1527
1263	name	http://ml1m-sun/movie_1263
499	name	http://ml1m-sun/movie_499
754	name	http://ml1m-sun/movie_754
765	name	http://ml1m-sun/movie_765
466	name	http://ml1m-sun/movie_466
576	name	http://ml1m-sun/movie_576
777	name	http://ml1m-sun/movie_777
1450	name	http://ml1m-sun/movie_1450
1132	name	http://ml1m-sun/movie_1132
1243	name	http://ml1m-sun/movie_1243
394	name	http://ml1m-sun/movie_394
923	name	http://ml1m-sun/movie_923
313	name	http://ml1m-sun/movie_313
1020	name	http://ml1m-sun/movie_1020
1162	name	http://ml1m-sun/movie_1162
1105	name	http://ml1m-sun/movie_1105
938	name	http://ml1m-sun/movie_938
1610	name	http://ml1m-sun/movie_1610
1389	name	http://ml1m-sun/movie_1389
623	name	http://ml1m-sun/movie_623
1354	name	http://ml1m-sun/movie_1354
1333	name	http://ml1m-sun/movie_1333
450	name	http://ml1m-sun/movie_450
848	name	http://ml1m-sun/movie_848
1298	name	http://ml1m-sun/movie_1298
1366	name	http://ml1m-sun/movie_1366
351	name	http://ml1m-sun/movie_351
878	name	http://ml1m-sun/movie_878
1554	name	http://ml1m-sun/movie_1554
183	name	http://ml1m-sun/movie_183
386	name	http://ml1m-sun/movie_386
1384	name	http://ml1m-sun/movie_1384
243	name	http://ml1m-sun/movie_243
27	name	http://ml1m-sun/movie_27
605	name	http://ml1m-sun/movie_605
1467	name	http://ml1m-sun/movie_1467
841	name	http://ml1m-sun/movie_841
121	name	http://ml1m-sun/movie_121
863	name	http://ml1m-sun/movie_863
734	name	http://ml1m-sun/movie_734
1075	name	http://ml1m-sun/movie_1075
1457	name	http://ml1m-sun/movie_1457
350	name	http://ml1m-sun/movie_350
531	name	http://ml1m-sun/movie_531
789	name	http://ml1m-sun/movie_789
1104	name	http://ml1m-sun/movie_1104
578	name	http://ml1m-sun/movie_578
128	name	http://ml1m-sun/movie_128
118	name	http://ml1m-sun/movie_118
1618	name	http://ml1m-sun/movie_1618
1312	name	http://ml1m-sun/movie_1312
491	name	http://ml1m-sun/movie_491
1315	name	http://ml1m-sun/movie_1315
1151	name	http://ml1m-sun/movie_1151
1472	name	http://ml1m-sun/movie_1472
13	name	http://ml1m-sun/movie_13
1625	name	http://ml1m-sun/movie_1625
706	name	http://ml1m-sun/movie_706
574	name	http://ml1m-sun/movie_574
115	name	http://ml1m-sun/movie_115
258	name	http://ml1m-sun/movie_258
424	name	http://ml1m-sun/movie_424
1030	name	http://ml1m-sun/movie_1030
1172	name	http://ml1m-sun/movie_1172
787	name	http://ml1m-sun/movie_787
1247	name	http://ml1m-sun/movie_1247
238	name	http://ml1m-sun/movie_238
1496	name	http://ml1m-sun/movie_1496
1399	name	http://ml1m-sun/movie_1399
595	name	http://ml1m-sun/movie_595
126	name	http://ml1m-sun/movie_126
565	name	http://ml1m-sun/movie_565
659	name	http://ml1m-sun/movie_659
1146	name	http://ml1m-sun/movie_1146
1192	name	http://ml1m-sun/movie_1192
1669	name	http://ml1m-sun/movie_1669
802	name	http://ml1m-sun/movie_802
1635	name	http://ml1m-sun/movie_1635
315	name	http://ml1m-sun/movie_315
210	name	http://ml1m-sun/movie_210
676	name	http://ml1m-sun/movie_676
1262	name	http://ml1m-sun/movie_1262
341	name	http://ml1m-sun/movie_341
449	name	http://ml1m-sun/movie_449
1671	name	http://ml1m-sun/movie_1671
1379	name	http://ml1m-sun/movie_1379
1056	name	http://ml1m-sun/movie_1056
929	name	http://ml1m-sun/movie_929
374	name	http://ml1m-sun/movie_374
842	name	http://ml1m-sun/movie_842
1386	name	http://ml1m-sun/movie_1386
817	name	http://ml1m-sun/movie_817
465	name	http://ml1m-sun/movie_465
1218	name	http://ml1m-sun/movie_1218
391	name	http://ml1m-sun/movie_391
1585	name	http://ml1m-sun/movie_1585
978	name	http://ml1m-sun/movie_978
194	name	http://ml1m-sun/movie_194
761	name	http://ml1m-sun/movie_761
425	name	http://ml1m-sun/movie_425
1454	name	http://ml1m-sun/movie_1454
1000	name	http://ml1m-sun/movie_1000
161	name	http://ml1m-sun/movie_161
1131	name	http://ml1m-sun/movie_1131
1624	name	http://ml1m-sun/movie_1624
613	name	http://ml1m-sun/movie_613
1468	name	http://ml1m-sun/movie_1468
470	name	http://ml1m-sun/movie_470
608	name	http://ml1m-sun/movie_608
1280	name	http://ml1m-sun/movie_1280
354	name	http://ml1m-sun/movie_354
6	name	http://ml1m-sun/movie_6
1170	name	http://ml1m-sun/movie_1170
1655	name	http://ml1m-sun/movie_1655
550	name	http://ml1m-sun/movie_550
509	name	http://ml1m-sun/movie_509
1232	name	http://ml1m-sun/movie_1232
1606	name	http://ml1m-sun/movie_1606
726	name	http://ml1m-sun/movie_726
277	name	http://ml1m-sun/movie_277
729	name	http://ml1m-sun/movie_729
1387	name	http://ml1m-sun/movie_1387
261	name	http://ml1m-sun/movie_261
862	name	http://ml1m-sun/movie_862
1174	name	http://ml1m-sun/movie_1174
1322	name	http://ml1m-sun/movie_1322
855	name	http://ml1m-sun/movie_855
1112	name	http://ml1m-sun/movie_1112
1159	name	http://ml1m-sun/movie_1159
1015	name	http://ml1m-sun/movie_1015
443	name	http://ml1m-sun/movie_443
819	name	http://ml1m-sun/movie_819
1477	name	http://ml1m-sun/movie_1477
545	name	http://ml1m-sun/movie_545
681	name	http://ml1m-sun/movie_681
596	name	http://ml1m-sun/movie_596
502	name	http://ml1m-sun/movie_502
1289	name	http://ml1m-sun/movie_1289
1573	name	http://ml1m-sun/movie_1573
1485	name	http://ml1m-sun/movie_1485
1368	name	http://ml1m-sun/movie_1368
319	name	http://ml1m-sun/movie_319
17	name	http://ml1m-sun/movie_17
1288	name	http://ml1m-sun/movie_1288
1440	name	http://ml1m-sun/movie_1440
1598	name	http://ml1m-sun/movie_1598
1611	name	http://ml1m-sun/movie_1611
1377	name	http://ml1m-sun/movie_1377
370	name	http://ml1m-sun/movie_370
1465	name	http://ml1m-sun/movie_1465
781	name	http://ml1m-sun/movie_781
352	name	http://ml1m-sun/movie_352
1403	name	http://ml1m-sun/movie_1403
705	name	http://ml1m-sun/movie_705
488	name	http://ml1m-sun/movie_488
1595	name	http://ml1m-sun/movie_1595
1346	name	http://ml1m-sun/movie_1346
1002	name	http://ml1m-sun/movie_1002
44	name	http://ml1m-sun/movie_44
340	name	http://ml1m-sun/movie_340
1632	name	http://ml1m-sun/movie_1632
1567	name	http://ml1m-sun/movie_1567
129	name	http://ml1m-sun/movie_129
567	name	http://ml1m-sun/movie_567
1505	name	http://ml1m-sun/movie_1505
1001	name	http://ml1m-sun/movie_1001
656	name	http://ml1m-sun/movie_656
1601	name	http://ml1m-sun/movie_1601
173	name	http://ml1m-sun/movie_173
636	name	http://ml1m-sun/movie_636
748	name	http://ml1m-sun/movie_748
1542	name	http://ml1m-sun/movie_1542
770	name	http://ml1m-sun/movie_770
505	name	http://ml1m-sun/movie_505
393	name	http://ml1m-sun/movie_393
368	name	http://ml1m-sun/movie_368
402	name	http://ml1m-sun/movie_402
1166	name	http://ml1m-sun/movie_1166
1249	name	http://ml1m-sun/movie_1249
199	name	http://ml1m-sun/movie_199
612	name	http://ml1m-sun/movie_612
237	name	http://ml1m-sun/movie_237
1608	name	http://ml1m-sun/movie_1608
1079	name	http://ml1m-sun/movie_1079
1351	name	http://ml1m-sun/movie_1351
24	name	http://ml1m-sun/movie_24
1584	name	http://ml1m-sun/movie_1584
924	name	http://ml1m-sun/movie_924
1393	name	http://ml1m-sun/movie_1393
198	name	http://ml1m-sun/movie_198
633	name	http://ml1m-sun/movie_633
349	name	http://ml1m-sun/movie_349
1596	name	http://ml1m-sun/movie_1596
885	name	http://ml1m-sun/movie_885
1293	name	http://ml1m-sun/movie_1293
543	name	http://ml1m-sun/movie_543
10	name	http://ml1m-sun/movie_10
7	name	http://ml1m-sun/movie_7
144	name	http://ml1m-sun/movie_144
1303	name	http://ml1m-sun/movie_1303
801	name	http://ml1m-sun/movie_801
1204	name	http://ml1m-sun/movie_1204
104	name	http://ml1m-sun/movie_104
921	name	http://ml1m-sun/movie_921
894	name	http://ml1m-sun/movie_894
438	name	http://ml1m-sun/movie_438
832	name	http://ml1m-sun/movie_832
337	name	http://ml1m-sun/movie_337
771	name	http://ml1m-sun/movie_771
80	name	http://ml1m-sun/movie_80
1499	name	http://ml1m-sun/movie_1499
441	name	http://ml1m-sun/movie_441
463	name	http://ml1m-sun/movie_463
725	name	http://ml1m-sun/movie_725
211	name	http://ml1m-sun/movie_211
914	name	http://ml1m-sun/movie_914
1325	name	http://ml1m-sun/movie_1325
464	name	http://ml1m-sun/movie_464
999	name	http://ml1m-sun/movie_999
1619	name	http://ml1m-sun/movie_1619
475	name	http://ml1m-sun/movie_475
1481	name	http://ml1m-sun/movie_1481
1246	name	http://ml1m-sun/movie_1246
1224	name	http://ml1m-sun/movie_1224
1045	name	http://ml1m-sun/movie_1045
332	name	http://ml1m-sun/movie_332
645	name	http://ml1m-sun/movie_645
74	name	http://ml1m-sun/movie_74
1636	name	http://ml1m-sun/movie_1636
1314	name	http://ml1m-sun/movie_1314
1074	name	http://ml1m-sun/movie_1074
1508	name	http://ml1m-sun/movie_1508
646	name	http://ml1m-sun/movie_646
556	name	http://ml1m-sun/movie_556
1369	name	http://ml1m-sun/movie_1369
1456	name	http://ml1m-sun/movie_1456
1101	name	http://ml1m-sun/movie_1101
1357	name	http://ml1m-sun/movie_1357
804	name	http://ml1m-sun/movie_804
1076	name	http://ml1m-sun/movie_1076
504	name	http://ml1m-sun/movie_504
737	name	http://ml1m-sun/movie_737
91	name	http://ml1m-sun/movie_91
1498	name	http://ml1m-sun/movie_1498
1339	name	http://ml1m-sun/movie_1339
1588	name	http://ml1m-sun/movie_1588
1093	name	http://ml1m-sun/movie_1093
29	name	http://ml1m-sun/movie_29
482	name	http://ml1m-sun/movie_482
503	name	http://ml1m-sun/movie_503
533	name	http://ml1m-sun/movie_533
782	name	http://ml1m-sun/movie_782
1347	name	http://ml1m-sun/movie_1347
861	name	http://ml1m-sun/movie_861
1640	name	http://ml1m-sun/movie_1640
322	name	http://ml1m-sun/movie_322
1087	name	http://ml1m-sun/movie_1087
585	name	http://ml1m-sun/movie_585
747	name	http://ml1m-sun/movie_747
1627	name	http://ml1m-sun/movie_1627
120	name	http://ml1m-sun/movie_120
721	name	http://ml1m-sun/movie_721
749	name	http://ml1m-sun/movie_749
1145	name	http://ml1m-sun/movie_1145
1380	name	http://ml1m-sun/movie_1380
1607	name	http://ml1m-sun/movie_1607
159	name	http://ml1m-sun/movie_159
73	name	http://ml1m-sun/movie_73
1272	name	http://ml1m-sun/movie_1272
1267	name	http://ml1m-sun/movie_1267
1365	name	http://ml1m-sun/movie_1365
1646	name	http://ml1m-sun/movie_1646
85	name	http://ml1m-sun/movie_85
136	name	http://ml1m-sun/movie_136
944	name	http://ml1m-sun/movie_944
813	name	http://ml1m-sun/movie_813
1090	name	http://ml1m-sun/movie_1090
257	name	http://ml1m-sun/movie_257
1191	name	http://ml1m-sun/movie_1191
1111	name	http://ml1m-sun/movie_1111
1507	name	http://ml1m-sun/movie_1507
1149	name	http://ml1m-sun/movie_1149
18	name	http://ml1m-sun/movie_18
572	name	http://ml1m-sun/movie_572
691	name	http://ml1m-sun/movie_691
931	name	http://ml1m-sun/movie_931
436	name	http://ml1m-sun/movie_436
1672	name	http://ml1m-sun/movie_1672
1657	name	http://ml1m-sun/movie_1657
333	name	http://ml1m-sun/movie_333
1581	name	http://ml1m-sun/movie_1581
138	name	http://ml1m-sun/movie_138
1375	name	http://ml1m-sun/movie_1375
114	name	http://ml1m-sun/movie_114
704	name	http://ml1m-sun/movie_704
331	name	http://ml1m-sun/movie_331
1129	name	http://ml1m-sun/movie_1129
1005	name	http://ml1m-sun/movie_1005
1338	name	http://ml1m-sun/movie_1338
1580	name	http://ml1m-sun/movie_1580
216	name	http://ml1m-sun/movie_216
984	name	http://ml1m-sun/movie_984
904	name	http://ml1m-sun/movie_904
875	name	http://ml1m-sun/movie_875
1241	name	http://ml1m-sun/movie_1241
913	name	http://ml1m-sun/movie_913
1658	name	http://ml1m-sun/movie_1658
146	name	http://ml1m-sun/movie_146
1124	name	http://ml1m-sun/movie_1124
84	name	http://ml1m-sun/movie_84
37	name	http://ml1m-sun/movie_37
23	name	http://ml1m-sun/movie_23
390	name	http://ml1m-sun/movie_390
852	name	http://ml1m-sun/movie_852
1509	name	http://ml1m-sun/movie_1509
348	name	http://ml1m-sun/movie_348
788	name	http://ml1m-sun/movie_788
791	name	http://ml1m-sun/movie_791
808	name	http://ml1m-sun/movie_808
372	name	http://ml1m-sun/movie_372
911	name	http://ml1m-sun/movie_911
869	name	http://ml1m-sun/movie_869
366	name	http://ml1m-sun/movie_366
971	name	http://ml1m-sun/movie_971
1398	name	http://ml1m-sun/movie_1398
179	name	http://ml1m-sun/movie_179
275	name	http://ml1m-sun/movie_275
763	name	http://ml1m-sun/movie_763
953	name	http://ml1m-sun/movie_953
298	name	http://ml1m-sun/movie_298
1407	name	http://ml1m-sun/movie_1407
1651	name	http://ml1m-sun/movie_1651
384	name	http://ml1m-sun/movie_384
609	name	http://ml1m-sun/movie_609
1281	name	http://ml1m-sun/movie_1281
890	name	http://ml1m-sun/movie_890
320	name	http://ml1m-sun/movie_320
673	name	http://ml1m-sun/movie_673
1332	name	http://ml1m-sun/movie_1332
227	name	http://ml1m-sun/movie_227
1127	name	http://ml1m-sun/movie_1127
1483	name	http://ml1m-sun/movie_1483
1114	name	http://ml1m-sun/movie_1114
882	name	http://ml1m-sun/movie_882
839	name	http://ml1m-sun/movie_839
1202	name	http://ml1m-sun/movie_1202
738	name	http://ml1m-sun/movie_738
1119	name	http://ml1m-sun/movie_1119
1230	name	http://ml1m-sun/movie_1230
668	name	http://ml1m-sun/movie_668
1109	name	http://ml1m-sun/movie_1109
626	name	http://ml1m-sun/movie_626
1061	name	http://ml1m-sun/movie_1061
283	name	http://ml1m-sun/movie_283
760	name	http://ml1m-sun/movie_760
965	name	http://ml1m-sun/movie_965
89	name	http://ml1m-sun/movie_89
295	name	http://ml1m-sun/movie_295
811	name	http://ml1m-sun/movie_811
1438	name	http://ml1m-sun/movie_1438
229	name	http://ml1m-sun/movie_229
1168	name	http://ml1m-sun/movie_1168
79	name	http://ml1m-sun/movie_79
824	name	http://ml1m-sun/movie_824
818	name	http://ml1m-sun/movie_818
302	name	http://ml1m-sun/movie_302
1446	name	http://ml1m-sun/movie_1446
244	name	http://ml1m-sun/movie_244
317	name	http://ml1m-sun/movie_317
1183	name	http://ml1m-sun/movie_1183
448	name	http://ml1m-sun/movie_448
1313	name	http://ml1m-sun/movie_1313
469	name	http://ml1m-sun/movie_469
233	name	http://ml1m-sun/movie_233
165	name	http://ml1m-sun/movie_165
385	name	http://ml1m-sun/movie_385
516	name	http://ml1m-sun/movie_516
1510	name	http://ml1m-sun/movie_1510
1565	name	http://ml1m-sun/movie_1565
622	name	http://ml1m-sun/movie_622
375	name	http://ml1m-sun/movie_375
1169	name	http://ml1m-sun/movie_1169
1032	name	http://ml1m-sun/movie_1032
1161	name	http://ml1m-sun/movie_1161
305	name	http://ml1m-sun/movie_305
422	name	http://ml1m-sun/movie_422
1525	name	http://ml1m-sun/movie_1525
751	name	http://ml1m-sun/movie_751
577	name	http://ml1m-sun/movie_577
271	name	http://ml1m-sun/movie_271
617	name	http://ml1m-sun/movie_617
160	name	http://ml1m-sun/movie_160
148	name	http://ml1m-sun/movie_148
1051	name	http://ml1m-sun/movie_1051
988	name	http://ml1m-sun/movie_988
1283	name	http://ml1m-sun/movie_1283
101	name	http://ml1m-sun/movie_101
1531	name	http://ml1m-sun/movie_1531
1296	name	http://ml1m-sun/movie_1296
48	name	http://ml1m-sun/movie_48
434	name	http://ml1m-sun/movie_434
1583	name	http://ml1m-sun/movie_1583
1078	name	http://ml1m-sun/movie_1078
1442	name	http://ml1m-sun/movie_1442
650	name	http://ml1m-sun/movie_650
590	name	http://ml1m-sun/movie_590
939	name	http://ml1m-sun/movie_939
739	name	http://ml1m-sun/movie_739
1459	name	http://ml1m-sun/movie_1459
1069	name	http://ml1m-sun/movie_1069
940	name	http://ml1m-sun/movie_940
353	name	http://ml1m-sun/movie_353
735	name	http://ml1m-sun/movie_735
719	name	http://ml1m-sun/movie_719
1115	name	http://ml1m-sun/movie_1115
382	name	http://ml1m-sun/movie_382
1589	name	http://ml1m-sun/movie_1589
1402	name	http://ml1m-sun/movie_1402
266	name	http://ml1m-sun/movie_266
847	name	http://ml1m-sun/movie_847
246	name	http://ml1m-sun/movie_246
741	name	http://ml1m-sun/movie_741
419	name	http://ml1m-sun/movie_419
140	name	http://ml1m-sun/movie_140
162	name	http://ml1m-sun/movie_162
850	name	http://ml1m-sun/movie_850
262	name	http://ml1m-sun/movie_262
174	name	http://ml1m-sun/movie_174
1291	name	http://ml1m-sun/movie_1291
314	name	http://ml1m-sun/movie_314
967	name	http://ml1m-sun/movie_967
1066	name	http://ml1m-sun/movie_1066
1406	name	http://ml1m-sun/movie_1406
692	name	http://ml1m-sun/movie_692
328	name	http://ml1m-sun/movie_328
1098	name	http://ml1m-sun/movie_1098
92	name	http://ml1m-sun/movie_92
950	name	http://ml1m-sun/movie_950
958	name	http://ml1m-sun/movie_958
1049	name	http://ml1m-sun/movie_1049
191	name	http://ml1m-sun/movie_191
838	name	http://ml1m-sun/movie_838
1617	name	http://ml1m-sun/movie_1617
1099	name	http://ml1m-sun/movie_1099
994	name	http://ml1m-sun/movie_994
995	name	http://ml1m-sun/movie_995
1275	name	http://ml1m-sun/movie_1275
452	name	http://ml1m-sun/movie_452
